Unnamed: 0_level_0,Unnamed: 1_level_0,Unnamed: 2_level_0,Unnamed: 3_level_0,Unnamed: 4_level_0,Unnamed: 5_level_0,Unnamed: 6_level_0,Unnamed: 7_level_0,Tackles,Tackles,Tackles,Tackles,Tackles,Challenges,Challenges,Challenges,Challenges,Blocks,Blocks,Blocks,Unnamed: 20_level_0,Unnamed: 21_level_0,Unnamed: 22_level_0,Unnamed: 23_level_0,Unnamed: 24_level_0
Rk,Player,Nation,Pos,Squad,Age,Born,90s,Tkl,TklW,Def 3rd,Mid 3rd,Att 3rd,Tkl,Att,Tkl%,Lost,Blocks,Sh,Pass,Int,Tkl+Int,Clr,Err,Matches
1,Abner,br BRA,DF,Juventude,21-185,2004,14.2,18,10,12,4,2,10,28,35.7,18,23,13,10,18,36,93,1,Matches
2,Nicolás Acevedo,uy URU,MF,Bahia,26-190,1999,11.3,39,26,14,17,8,16,40,40.0,24,15,4,11,17,56,18,0,Matches
3,Luciano Acosta,ar ARG,"MF,FW",Fluminense,31-143,1994,6.5,10,8,2,5,3,6,14,42.9,8,10,0,10,0,10,4,0,Matches
4,Adson,br BRA,"FW,MF",Vasco da Gama,25-015,2000,2.3,6,4,4,1,1,0,0,,0,2,0,2,0,6,5,0,Matches
5,Braian Aguirre,ar ARG,DF,Internacional,25-085,2000,23.4,58,36,25,25,8,38,58,65.5,20,25,9,16,29,87,86,2,Matches
6,Carlos Alberto,br BRA,"FW,MF",Sport Recife,23-190,2002,3.7,4,3,2,1,1,2,4,50.0,2,2,0,2,9,13,7,0,Matches
7,Yuri Alberto,br BRA,FW,Corinthians,24-217,2001,15.5,5,2,0,2,3,4,8,50.0,4,1,0,1,3,8,9,0,Matches
8,José Aldo,br BRA,MF,Mirassol,27-088,1998,11.7,26,18,16,8,2,14,20,70.0,6,13,0,13,18,44,24,0,Matches
9,Alesson,br BRA,FW,Mirassol,26-247,1999,10.0,19,10,4,11,4,10,31,32.3,21,19,0,19,4,23,9,0,Matches
10,Caio Alexandre,br BRA,MF,Bahia,26-239,1999,13.1,25,13,10,14,1,13,36,36.1,23,15,6,9,10,35,21,1,Matches
11,Matheus Alexandre,br BRA,DF,Sport Recife,26-197,1999,13.9,36,24,16,14,6,19,29,65.5,10,15,5,10,25,61,44,0,Matches
12,Alexsander,br BRA,MF,Atlético Mineiro,22-013,2003,4.0,13,10,5,5,3,7,11,63.6,4,4,0,4,6,19,1,0,Matches
13,Alisson,br BRA,MF,São Paulo,32-118,1993,19.2,25,15,9,15,1,18,42,42.9,24,16,7,9,12,37,27,2,Matches
14,Allan,br BRA,MF,Flamengo,28-232,1997,7.6,6,4,2,4,0,2,2,100.0,0,8,4,4,9,15,9,0,Matches
15,Allan,br BRA,"MF,FW",Palmeiras,21-185,2004,6.0,20,15,12,6,2,12,26,46.2,14,6,2,4,8,28,14,1,Matches
16,Allan,br BRA,"MF,FW",Botafogo (RJ),34-286,1991,8.0,24,16,14,9,1,15,28,53.6,13,14,2,12,4,28,18,0,Matches
17,Allanzinho,br BRA,"MF,FW",Fortaleza,25-200,2000,2.8,3,2,2,1,0,1,1,100.0,0,4,1,3,2,5,2,0,Matches
18,Júnior Alonso,py PAR,DF,Atlético Mineiro,32-254,1993,21.6,28,16,16,10,2,17,25,68.0,8,15,11,4,26,54,104,0,Matches
19,Matheus Alves,br BRA,"MF,FW",São Paulo,20-230,2005,4.1,9,4,6,3,0,4,7,57.1,3,2,0,2,3,12,3,0,Matches
20,Francis Amuzu,be BEL,FW,Grêmio,26-059,1999,7.0,6,4,4,0,2,2,2,100.0,0,3,0,3,0,6,3,0,Matches
21,Felipe Anderson,br BRA,"MF,FW",Palmeiras,32-189,1993,15.3,45,27,24,15,6,27,52,51.9,25,26,1,25,15,60,18,1,Matches
22,Kervin Andrade,ve VEN,"FW,MF",Fortaleza,20-191,2005,1.8,4,4,2,1,1,1,1,100.0,0,2,0,2,1,5,0,0,Matches
23,André,br BRA,"MF,FW",Corinthians,19-123,2006,1.4,7,6,2,4,1,2,4,50.0,2,1,0,1,0,7,0,0,Matches
24,José Andrés Martínez,ve VEN,MF,Corinthians,31-075,1994,12.0,20,18,7,9,4,15,29,51.7,14,7,2,5,12,32,14,2,Matches
25,Wilker Ángel,ve VEN,DF,Juventude,32-217,1993,13.7,10,5,5,4,1,6,9,66.7,3,34,32,2,10,20,97,3,Matches
Rk,Player,Nation,Pos,Squad,Age,Born,90s,Tkl,TklW,Def 3rd,Mid 3rd,Att 3rd,Tkl,Att,Tkl%,Lost,Blocks,Sh,Pass,Int,Tkl+Int,Clr,Err,Matches
26,Fabrizio Angileri,ar ARG,DF,Corinthians,31-220,1994,13.8,30,21,22,6,2,18,28,64.3,10,18,8,10,9,39,57,0,Matches
27,Anthoni,br BRA,GK,Internacional,23-271,2002,16.5,1,1,1,0,0,1,3,33.3,2,0,0,0,0,1,11,4,Matches
28,Marcos Antônio,br BRA,MF,São Paulo,25-130,2000,15.8,14,9,8,6,0,8,24,33.3,16,15,5,10,7,21,25,0,Matches
29,Léo Aragão,br BRA,GK,Cruzeiro,23-185,2002,2.7,0,0,0,0,0,0,0,,0,0,0,0,0,0,0,0,Matches
30,Guilherme Arana,br BRA,DF,Atlético Mineiro,28-190,1997,11.7,15,10,7,8,0,6,12,50.0,6,13,6,7,10,25,23,0,Matches
31,Willian Arão,br BRA,MF,Santos,32-322,1992,0.8,4,4,1,2,1,0,0,,0,0,0,0,1,5,1,0,Matches
32,Luiz Araújo,br BRA,"FW,MF",Flamengo,29-141,1996,15.1,43,31,12,24,7,17,29,58.6,12,15,0,15,7,50,11,0,Matches
33,Matheus Araújo,br BRA,"MF,FW",Ceará,23-152,2002,3.0,3,1,1,2,0,0,2,0.0,2,3,0,3,0,3,1,0,Matches
34,Michel Araujo,uy URU,"MF,FW",Bahia,29-023,1996,6.8,18,11,7,8,3,9,20,45.0,11,4,1,3,3,21,15,1,Matches
35,Alexander Aravena,cl CHI,"FW,MF",Grêmio,23-045,2002,5.7,6,4,3,2,1,1,3,33.3,2,6,1,5,0,6,5,0,Matches
36,Robert Arboleda,ec ECU,DF,São Paulo,33-364,1991,17.2,25,17,18,7,0,13,18,72.2,5,35,24,11,16,41,113,0,Matches
37,Lucas Arcanjo,br BRA,GK,Vitória,27-074,1998,28.0,0,0,0,0,0,0,0,,0,0,0,0,0,0,13,2,Matches
38,Matias Arezo,uy URU,FW,Grêmio,22-334,2002,3.0,2,1,1,0,1,0,2,0.0,2,4,1,3,0,2,2,0,Matches
39,Jhon Arias,co COL,FW,Fluminense,28-030,1997,12.0,13,10,3,3,7,7,16,43.8,9,17,0,17,4,17,2,0,Matches
40,Santiago Arias,co COL,DF,Bahia,33-281,1992,9.3,14,10,7,7,0,9,15,60.0,6,6,3,3,12,26,29,1,Matches
41,Keny Arroyo,ec ECU,FW,Cruzeiro,19-249,2006,2.5,2,2,1,0,1,1,4,25.0,3,4,1,3,1,3,0,0,Matches
42,Arthur,br BRA,FW,Sport Recife,22-223,2003,2.2,0,0,0,0,0,0,0,,0,0,0,0,1,1,0,1,Matches
43,Artur,br BRA,"FW,MF",Botafogo (RJ),27-248,1998,15.4,11,9,3,4,4,5,16,31.3,11,9,0,9,7,18,9,0,Matches
44,Rodrigo Atencio,ar ARG,"MF,FW",Sport Recife,23-113,2002,5.8,9,4,5,2,2,5,12,41.7,7,2,0,2,3,12,2,1,Matches
45,Loide Augusto,ao ANG,"FW,MF",Vasco da Gama,25-237,2000,2.1,2,2,1,1,0,0,0,,0,2,0,2,1,3,1,0,Matches
46,Leo Augusto Pereira,br BRA,"FW,MF",Vitória,25-114,2000,1.8,3,3,0,3,0,1,3,33.3,2,0,0,0,1,4,0,0,Matches
47,Leo Augusto Pereira,br BRA,FW,Sport Recife,25-114,2000,6.0,12,9,4,6,2,4,9,44.4,5,2,0,2,2,14,6,0,Matches
48,Renato Augusto,br BRA,"MF,FW",Fluminense,37-255,1988,0.2,0,0,0,0,0,0,0,,0,0,0,0,0,0,0,0,Matches
49,Gastón Ávila,ar ARG,DF,Fortaleza,24-021,2001,15.8,49,34,26,20,3,35,56,62.5,21,11,8,3,17,66,56,0,Matches
50,Aylon,br BRA,"FW,MF",Ceará,33-197,1992,7.5,16,10,5,10,1,9,20,45.0,11,14,1,13,2,18,7,0,Matches
Rk,Player,Nation,Pos,Squad,Age,Born,90s,Tkl,TklW,Def 3rd,Mid 3rd,Att 3rd,Tkl,Att,Tkl%,Lost,Blocks,Sh,Pass,Int,Tkl+Int,Clr,Err,Matches
51,Matheus Babi,br BRA,FW,Juventude,28-095,1997,4.6,5,2,1,4,0,0,4,0.0,4,5,0,5,1,6,5,0,Matches
52,Bahia,br BRA,MF,Corinthians,19-292,2006,0.5,3,2,1,2,0,2,2,100.0,0,2,0,2,2,5,1,0,Matches
53,Gabriel Bahia,br BRA,DF,Botafogo (RJ),26-331,1998,1.6,4,2,2,2,0,4,4,100.0,0,2,2,0,2,6,10,1,Matches
54,Matheus Bahia,br BRA,DF,Ceará,26-071,1999,18.6,34,19,21,9,4,15,30,50.0,15,13,5,8,15,49,68,0,Matches
55,Fabián Balbuena,py PAR,DF,Grêmio,34-059,1991,2.5,3,2,3,0,0,1,3,33.3,2,0,0,0,4,7,24,0,Matches
56,Gabriel Baralhas,br BRA,MF,Vitória,27-011,1998,19.5,42,29,16,22,4,21,37,56.8,16,34,9,25,28,70,43,0,Matches
57,Danilo Barbosa,br BRA,"DF,MF",Botafogo (RJ),29-235,1996,0.4,1,1,1,0,0,1,1,100.0,0,1,1,0,1,2,2,0,Matches
58,Diogo Barbosa,br BRA,DF,Fortaleza,33-065,1992,8.7,19,10,11,8,0,12,25,48.0,13,9,1,8,5,24,38,0,Matches
59,Gabriel Barbosa,br BRA,"FW,MF",Cruzeiro,29-052,1996,8.6,6,2,2,2,2,1,4,25.0,3,7,0,7,0,6,1,0,Matches
60,Lucas Barbosa,br BRA,"FW,MF",RB Bragantino,24-241,2001,17.9,32,22,12,12,8,10,26,38.5,16,39,5,34,15,47,40,0,Matches
61,Alexander Barboza,ar ARG,DF,Botafogo (RJ),30-219,1995,17.9,37,28,29,7,1,24,35,68.6,11,22,10,12,19,56,120,2,Matches
62,Adam Bareiro,py PAR,FW,Fortaleza,29-087,1996,2.8,3,3,0,3,0,1,3,33.3,2,2,0,2,0,3,2,0,Matches
63,Chrystian Barletta,br BRA,"FW,MF",Sport Recife,24-108,2001,14.9,13,5,1,7,5,5,18,27.8,13,15,1,14,10,23,11,0,Matches
64,Álvaro Barreal,ar ARG,"FW,MF",Santos,25-065,2000,17.5,29,14,7,15,7,14,40,35.0,26,35,5,30,20,49,17,1,Matches
65,Jordan Barrera,co COL,FW,Botafogo (RJ),19-193,2006,0.0,1,1,1,0,0,0,0,,0,0,0,0,0,1,1,0,Matches
66,Cauan Barros,br BRA,MF,Vasco da Gama,21-168,2004,7.8,17,12,5,10,2,11,17,64.7,6,8,4,4,11,28,40,1,Matches
67,Enmerson Batalla,co COL,"FW,MF",Juventude,24-113,2001,14.6,22,16,7,11,4,8,20,40.0,12,8,2,6,2,24,6,1,Matches
68,Paulo Baya,br BRA,FW,Ceará,26-087,1999,3.3,3,2,1,1,1,2,6,33.3,4,3,0,3,0,3,0,1,Matches
69,Paulo Baya,br BRA,"MF,FW",Fluminense,26-087,1999,0.4,0,0,0,0,0,0,1,0.0,1,0,0,0,0,0,0,1,Matches
70,José Luis Rodríguez Bebanz,uy URU,DF,Vasco da Gama,28-221,1997,13.2,18,10,8,7,3,11,16,68.8,5,12,5,7,9,27,46,0,Matches
71,Erick Belé,br BRA,MF,Palmeiras,18-273,2007,0.1,1,1,0,1,0,0,0,,0,1,0,1,0,1,0,0,Matches
72,Luis Benedetti,br BRA,DF,Palmeiras,19-136,2006,2.0,2,1,2,0,0,2,2,100.0,0,1,1,0,2,4,8,0,Matches
73,Alan Benítez,py PAR,"DF,FW",Internacional,31-269,1994,5.1,10,4,5,5,0,7,12,58.3,5,4,1,3,1,11,21,0,Matches
74,Alexandro Bernabei,ar ARG,DF,Internacional,25-027,2000,20.2,58,34,24,22,12,32,67,47.8,35,26,5,21,32,90,47,1,Matches
75,Facundo Bernal,uy URU,MF,Fluminense,22-061,2003,9.2,22,18,6,13,3,14,24,58.3,10,11,3,8,8,30,14,0,Matches
Rk,Player,Nation,Pos,Squad,Age,Born,90s,Tkl,TklW,Def 3rd,Mid 3rd,Att 3rd,Tkl,Att,Tkl%,Lost,Blocks,Sh,Pass,Int,Tkl+Int,Clr,Err,Matches
76,Bernard,br BRA,"MF,FW",Atlético Mineiro,33-043,1992,7.0,17,10,4,9,4,9,13,69.2,4,2,0,2,4,21,3,0,Matches
77,Matheus Bianqui,br BRA,"MF,FW",Mirassol,27-263,1998,1.6,6,6,0,5,1,2,2,100.0,0,3,0,3,0,6,7,0,Matches
78,Matheus Bidu,br BRA,DF,Corinthians,26-170,1999,15.4,24,18,12,7,5,14,22,63.6,8,19,3,16,18,42,33,1,Matches
79,Biel,br BRA,"FW,MF",Atlético Mineiro,24-203,2001,5.0,5,1,1,1,3,3,6,50.0,3,3,0,3,4,9,2,1,Matches
80,Rafael Bilu,br BRA,"MF,FW",Juventude,26-183,1999,3.6,4,3,1,2,1,2,8,25.0,6,4,0,4,0,4,6,0,Matches
81,Damián Bobadilla,py PAR,MF,São Paulo,24-102,2001,16.7,38,26,8,20,10,13,31,41.9,18,18,4,14,10,48,18,0,Matches
82,Yannick Bolasie,cd COD,"FW,MF",Cruzeiro,36-150,1989,1.6,4,1,2,1,1,3,4,75.0,1,1,0,1,1,5,8,0,Matches
83,Gabriel Bontempo,br BRA,"MF,FW",Santos,20-278,2005,10.2,27,14,16,9,2,10,23,43.5,13,10,1,9,19,46,14,0,Matches
84,Thiago Borbas,uy URU,"FW,MF",RB Bragantino,23-197,2002,6.2,7,4,3,2,2,5,11,45.5,6,9,1,8,1,8,8,0,Matches
85,Daniel Borges,br BRA,DF,Mirassol,32-212,1993,7.5,8,4,6,1,1,4,13,30.8,9,10,3,7,8,16,24,1,Matches
86,Marllon Borges,br BRA,DF,Ceará,33-188,1992,21.0,23,9,16,6,1,8,17,47.1,9,18,17,1,11,34,132,2,Matches
87,Pedro Borges,br BRA,MF,Fortaleza,28-232,1997,0.4,1,1,0,1,0,1,1,100.0,0,0,0,0,0,1,0,0,Matches
88,Pedro Borges,br BRA,MF,Sport Recife,28-232,1997,3.3,10,4,4,6,0,4,8,50.0,4,4,2,2,3,13,9,0,Matches
89,Rafael Borré,co COL,FW,Internacional,30-036,1995,13.5,23,15,4,7,12,4,17,23.5,13,10,1,9,3,26,8,0,Matches
90,Lucas Braga,br BRA,"FW,DF",Vitória,28-345,1996,9.6,18,11,9,8,1,6,11,54.5,5,14,1,13,4,22,11,0,Matches
91,Bilal Brahimi,dz ALG,FW,Santos,25-221,2000,0.2,0,0,0,0,0,0,0,,0,0,0,0,0,0,0,0,Matches
92,Martin Braithwaite,dk DEN,FW,Grêmio,34-138,1991,16.2,9,5,3,3,3,4,7,57.1,3,5,1,4,3,12,10,0,Matches
93,Gabriel Brazão,br BRA,GK,Santos,25-016,2000,27.7,1,1,1,0,0,1,2,50.0,1,0,0,0,1,2,22,3,Matches
94,Brenno,br BRA,GK,Fortaleza,26-203,1999,5.0,1,0,1,0,0,1,1,100.0,0,0,0,0,0,1,6,0,Matches
95,Breno,br BRA,"FW,MF",Fortaleza,29-270,1996,16.9,10,8,6,3,1,3,8,37.5,5,10,0,10,2,12,5,0,Matches
96,Breno,br BRA,MF,Corinthians,20-243,2005,22.5,47,29,17,24,6,20,48,41.7,28,30,5,25,16,63,21,0,Matches
97,Emanuel Brítez,ar ARG,DF,Fortaleza,33-209,1992,10.7,18,11,12,5,1,11,17,64.7,6,7,5,2,8,26,44,0,Matches
98,Bruninho,br BRA,MF,Fortaleza,20-132,2005,0.8,2,2,0,1,1,2,3,66.7,1,5,1,4,2,4,0,0,Matches
99,Fabrício Bruno,br BRA,DF,Cruzeiro,29-251,1996,26.0,38,31,22,14,2,21,30,70.0,9,37,22,15,16,54,186,1,Matches
100,Gustavo Caballero,py PAR,"FW,DF",Santos,24-030,2001,3.3,6,5,3,1,2,4,5,80.0,1,2,1,1,7,13,4,0,Matches
Rk,Player,Nation,Pos,Squad,Age,Born,90s,Tkl,TklW,Def 3rd,Mid 3rd,Att 3rd,Tkl,Att,Tkl%,Lost,Blocks,Sh,Pass,Int,Tkl+Int,Clr,Err,Matches
101,Arthur Cabral,br BRA,FW,Botafogo (RJ),27-179,1998,11.4,11,4,1,6,4,3,4,75.0,1,5,1,4,0,11,14,0,Matches
102,Cacá,br BRA,DF,Corinthians,26-179,1999,14.9,24,20,14,9,1,20,25,80.0,5,15,9,6,9,33,59,0,Matches
103,Raúl Cáceres,py PAR,DF,Vitória,34-033,1991,14.0,24,16,18,4,2,15,30,50.0,15,10,3,7,7,31,75,0,Matches
104,Calebe,br BRA,MF,Fortaleza,25-174,2000,2.5,4,2,0,2,2,1,3,33.3,2,3,1,2,2,6,2,0,Matches
105,Jonathan Calleri,ar ARG,FW,São Paulo,32-028,1993,1.3,2,1,0,1,1,0,0,,0,0,0,0,0,2,0,0,Matches
106,Camilo,br BRA,"MF,DF",Grêmio,26-240,1999,7.8,22,11,11,9,2,9,18,50.0,9,10,3,7,16,38,31,0,Matches
107,Camutanga,br BRA,DF,Vitória,32-024,1993,6.8,7,5,5,2,0,4,4,100.0,0,3,1,2,3,10,46,0,Matches
108,Luan Cândido,br BRA,DF,Sport Recife,24-261,2001,7.0,9,4,2,5,2,4,8,50.0,4,15,7,8,11,20,32,0,Matches
109,Germán Cano,ar ARG,FW,Fluminense,37-261,1988,16.2,6,4,1,5,0,2,9,22.2,7,6,1,5,2,8,8,1,Matches
110,Agustín Canobbio,uy URU,"FW,MF",Fluminense,27-020,1998,14.9,38,22,16,21,1,18,41,43.9,23,16,2,14,7,45,17,1,Matches
111,Aitor Cantalapiedra,es ESP,"MF,FW",Vitória,29-253,1996,7.3,4,4,1,1,2,1,2,50.0,1,6,1,5,3,7,8,0,Matches
112,Juninho Capixaba,br BRA,DF,RB Bragantino,28-107,1997,14.3,35,25,17,14,4,14,31,45.2,17,23,7,16,18,53,64,2,Matches
113,Johan Carbonero,co COL,"FW,MF",Internacional,26-093,1999,11.5,12,7,2,7,3,5,8,62.5,3,10,1,9,1,13,4,0,Matches
114,Felipe Cardoso,br BRA,FW,Vitória,22-231,2003,0.9,1,1,1,0,0,0,0,,0,1,0,1,0,1,0,0,Matches
115,Edson Carioca,br BRA,FW,Mirassol,28-109,1997,13.0,27,17,8,15,4,6,18,33.3,12,20,2,18,5,32,10,0,Matches
116,Igor Cariús,br BRA,DF,Sport Recife,32-173,1993,14.5,36,24,22,13,1,20,33,60.6,13,16,1,15,21,57,60,0,Matches
117,Carlinhos,br BRA,FW,Vitória,28-251,1997,1.8,3,1,0,0,3,0,0,,0,0,0,0,2,5,3,0,Matches
118,Antonio Carlos,br BRA,DF,Sport Recife,32-228,1993,3.0,3,2,3,0,0,0,3,0.0,3,0,0,0,1,4,21,0,Matches
119,Jean Carlos Vicente,br BRA,"MF,FW",Juventude,33-248,1992,2.3,3,3,1,2,0,1,3,33.3,2,3,1,2,0,3,1,0,Matches
120,Ruan Carneiro,br BRA,GK,Juventude,35-207,1990,3.0,0,0,0,0,0,0,0,,0,0,0,0,0,0,0,0,Matches
121,Jorge Carrascal,co COL,"FW,MF",Flamengo,27-149,1998,4.4,17,7,3,5,9,7,13,53.8,6,4,0,4,2,19,4,0,Matches
122,André Carrillo,pe PER,MF,Corinthians,34-129,1991,10.2,14,9,11,2,1,3,16,18.8,13,8,2,6,8,22,9,0,Matches
123,Gabriel Carvalho,br BRA,FW,Internacional,18-065,2007,0.8,2,1,0,2,0,1,1,100.0,0,1,1,0,0,2,1,0,Matches
124,Cássio,br BRA,GK,Cruzeiro,38-137,1987,26.3,0,0,0,0,0,0,2,0.0,2,0,0,0,0,0,5,2,Matches
125,Iury de Castilho,br BRA,FW,Mirassol,30-045,1995,5.5,7,7,2,5,0,0,4,0.0,4,3,0,3,2,9,4,0,Matches
Rk,Player,Nation,Pos,Squad,Age,Born,90s,Tkl,TklW,Def 3rd,Mid 3rd,Att 3rd,Tkl,Att,Tkl%,Lost,Blocks,Sh,Pass,Int,Tkl+Int,Clr,Err,Matches
126,Caue,br BRA,DF,RB Bragantino,18-312,2006,0.5,2,2,2,0,0,1,2,50.0,1,0,0,0,1,3,1,0,Matches
127,Murilo Cerqueira,br BRA,DF,Palmeiras,28-208,1997,11.9,18,11,4,13,1,8,16,50.0,8,19,7,12,12,30,46,1,Matches
128,Julio Cesar,br BRA,DF,Fluminense,18-349,2006,2.0,3,2,2,1,0,2,2,100.0,0,0,0,0,4,7,5,0,Matches
129,Kayky Chagas,br BRA,"FW,MF",Bahia,22-132,2003,8.9,21,9,11,7,3,6,17,35.3,11,11,1,10,5,26,5,0,Matches
130,Gabriel Chapecó,br BRA,GK,Grêmio,25-206,2000,5.0,0,0,0,0,0,0,0,,0,0,0,0,0,0,8,0,Matches
131,Chico,br BRA,"MF,FW",Mirassol,34-157,1991,3.1,10,7,1,6,3,4,11,36.4,7,3,0,3,5,15,1,0,Matches
132,Chico,br BRA,DF,Sport Recife,27-037,1998,11.8,19,11,12,7,0,14,20,70.0,6,13,10,3,12,31,93,2,Matches
133,Christian,br BRA,FW,Cruzeiro,24-306,2000,19.9,30,14,7,18,5,16,27,59.3,11,20,2,18,14,44,16,0,Matches
134,Cipriano,br BRA,DF,Juventude,22-347,2002,2.1,2,1,1,1,0,1,3,33.3,2,3,1,2,4,6,8,0,Matches
135,Claudinho,br BRA,DF,Vitória,25-027,2000,10.0,21,10,14,7,0,14,25,56.0,11,13,5,8,10,31,26,1,Matches
136,Clayson,br BRA,FW,Mirassol,30-216,1995,2.8,2,1,1,1,0,1,5,20.0,4,3,0,3,1,3,0,0,Matches
137,Clayton,br BRA,DF,Internacional,25-200,2000,6.6,7,3,4,3,0,2,5,40.0,3,13,9,4,7,14,35,0,Matches
138,Cleiton,br BRA,DF,Flamengo,22-179,2003,0.9,3,2,1,2,0,1,1,100.0,0,2,2,0,2,5,7,0,Matches
139,Mateus Cocão,br BRA,MF,Vasco da Gama,23-217,2002,5.4,16,8,7,9,0,8,16,50.0,8,1,1,0,8,24,11,2,Matches
140,Igor Coronado,br BRA,MF,Corinthians,33-064,1992,3.8,7,1,1,3,3,4,8,50.0,4,3,1,2,2,9,2,0,Matches
141,Joaquín Correa,ar ARG,MF,Botafogo (RJ),31-069,1994,6.2,6,4,1,5,0,0,9,0.0,9,4,0,4,0,6,0,0,Matches
142,Francisco da Costa,br BRA,FW,Mirassol,30-169,1995,9.2,2,1,0,1,1,0,3,0.0,3,3,2,1,1,3,10,0,Matches
143,Philippe Coutinho,br BRA,MF,Vasco da Gama,33-131,1992,20.1,17,6,6,6,5,9,20,45.0,11,12,2,10,7,24,6,0,Matches
144,Lucas Crispim,br BRA,MF,Fortaleza,31-124,1994,2.4,1,0,0,0,1,1,1,100.0,0,3,0,3,0,1,1,0,Matches
145,Franco Cristaldo,ar ARG,"MF,FW",Grêmio,29-067,1996,10.2,15,9,5,7,3,9,19,47.4,10,9,2,7,2,17,12,1,Matches
146,Gustavo Cuellar,co COL,MF,Grêmio,33-007,1992,6.3,21,13,12,7,2,10,22,45.5,12,7,0,7,7,28,13,2,Matches
147,Tomás Cuello,ar ARG,"FW,MF",Atlético Mineiro,25-230,2000,13.2,25,15,8,9,8,9,16,56.3,7,5,2,3,7,32,7,0,Matches
148,Carlos Cuesta,co COL,DF,Vasco da Gama,26-226,1999,5.3,10,7,9,1,0,5,7,71.4,2,3,2,1,8,18,31,1,Matches
149,Cuiabano,br BRA,"DF,MF",Botafogo (RJ),22-247,2003,12.2,22,17,12,7,3,9,18,50.0,9,16,4,12,17,39,22,1,Matches
150,Jair Cunha,br BRA,DF,Botafogo (RJ),20-228,2005,11.0,14,11,10,4,0,8,12,66.7,4,9,6,3,11,25,63,2,Matches
Rk,Player,Nation,Pos,Squad,Age,Born,90s,Tkl,TklW,Def 3rd,Mid 3rd,Att 3rd,Tkl,Att,Tkl%,Lost,Blocks,Sh,Pass,Int,Tkl+Int,Clr,Err,Matches
151,Lucas Cunha,br BRA,DF,Sport Recife,28-271,1997,4.8,5,2,3,2,0,5,10,50.0,5,6,5,1,7,12,20,0,Matches
152,Danielzinho,br BRA,MF,Mirassol,30-351,1994,27.7,49,34,21,25,3,13,28,46.4,15,25,11,14,20,69,44,3,Matches
153,Danilo,br BRA,DF,Flamengo,34-098,1991,8.2,7,6,5,2,0,3,8,37.5,5,4,3,1,8,15,34,0,Matches
154,Danilo,br BRA,"MF,FW",Botafogo (RJ),24-175,2001,4.2,10,5,5,3,2,5,15,33.3,10,7,2,5,3,13,2,0,Matches
155,David,br BRA,FW,Vasco da Gama,30-004,1995,6.6,7,4,2,2,3,4,7,57.1,3,5,0,5,3,10,5,0,Matches
156,Matheus Davó,br BRA,"FW,MF",Mirassol,26-066,1999,0.4,1,1,0,1,0,0,0,,0,0,0,0,0,1,0,0,Matches
157,Giorgian De Arrascaeta,uy URU,"MF,FW",Flamengo,31-142,1994,21.0,31,14,9,16,6,9,20,45.0,11,10,2,8,5,36,8,0,Matches
158,Nicolás De La Cruz,uy URU,MF,Flamengo,28-142,1997,9.3,16,10,11,5,0,10,17,58.8,7,3,2,1,7,23,8,1,Matches
159,Gabriel Delfim,br BRA,GK,Atlético Mineiro,23-103,2002,2.0,0,0,0,0,0,0,0,,0,0,0,0,0,0,3,0,Matches
160,Deyverson,br BRA,FW,Fortaleza,34-166,1991,10.7,3,3,1,0,2,1,4,25.0,3,3,0,3,5,8,12,0,Matches
161,Enzo Díaz,ar ARG,DF,São Paulo,29-318,1995,17.9,66,43,38,21,7,32,52,61.5,20,20,6,14,19,85,54,0,Matches
162,Lautaro Díaz,ar ARG,"FW,MF",Cruzeiro,27-153,1998,0.9,0,0,0,0,0,0,2,0.0,2,2,0,2,0,0,1,0,Matches
163,Lautaro Díaz,ar ARG,FW,Santos,27-153,1998,6.4,4,0,0,1,3,2,2,100.0,0,6,0,6,3,7,1,0,Matches
164,Dieguinho,br BRA,MF,Ceará,29-355,1995,23.9,50,27,24,26,0,19,40,47.5,21,19,9,10,29,79,54,5,Matches
165,Dieguinho,br BRA,"FW,MF",Corinthians,18-097,2007,1.6,2,2,0,1,1,2,4,50.0,2,2,0,2,0,2,4,0,Matches
166,Diogenes,br BRA,GK,Santos,24-288,2001,0.3,0,0,0,0,0,0,0,,0,0,0,0,0,0,0,0,Matches
167,Dodi,br BRA,MF,Grêmio,29-187,1996,19.6,39,23,18,18,3,23,38,60.5,15,19,5,14,20,59,39,0,Matches
168,Fabricio Domínguez,uy URU,MF,Sport Recife,27-119,1998,1.1,2,1,2,0,0,1,3,33.3,2,1,0,1,1,3,0,0,Matches
169,Matheus Donelli,br BRA,GK,Corinthians,23-157,2002,5.0,0,0,0,0,0,0,0,,0,0,0,0,0,0,2,0,Matches
170,Mailton dos Santos,br BRA,DF,São Paulo,27-143,1998,2.6,1,1,0,1,0,1,3,33.3,2,3,1,2,2,3,7,0,Matches
171,Thiago dos Santos,br BRA,MF,Fluminense,36-046,1989,2.2,9,7,2,7,0,3,9,33.3,6,2,1,1,2,11,3,0,Matches
172,Alexis Duarte,py PAR,DF,Santos,25-223,2000,3.0,5,1,1,4,0,2,3,66.7,1,0,0,0,1,6,17,0,Matches
173,David Duarte,br BRA,DF,Bahia,30-270,1995,19.9,16,9,12,4,0,6,10,60.0,4,23,20,3,12,28,129,0,Matches
174,Dudu,br BRA,"FW,MF",Cruzeiro,33-287,1992,2.4,2,1,0,1,1,1,3,33.3,2,3,0,3,1,3,0,0,Matches
175,Dudu,br BRA,MF,Vitória,26-138,1999,1.2,5,1,1,3,1,4,6,66.7,2,0,0,0,0,5,0,0,Matches
Rk,Player,Nation,Pos,Squad,Age,Born,90s,Tkl,TklW,Def 3rd,Mid 3rd,Att 3rd,Tkl,Att,Tkl%,Lost,Blocks,Sh,Pass,Int,Tkl+Int,Clr,Err,Matches
176,Dudu,br BRA,"MF,FW",Atlético Mineiro,33-287,1992,4.0,2,1,1,0,1,0,0,,0,0,0,0,1,3,2,0,Matches
177,Edenílson,br BRA,MF,Grêmio,35-307,1989,14.5,14,12,4,7,3,4,9,44.4,5,16,4,12,9,23,5,1,Matches
178,Eder,br BRA,DF,Ceará,30-199,1995,2.0,0,0,0,0,0,0,0,,0,1,1,0,0,0,10,0,Matches
179,EDU,br BRA,DF,Vitória,25-127,2000,8.6,22,13,19,2,1,13,15,86.7,2,11,6,5,7,29,69,0,Matches
180,Carlos Eduardo,br BRA,"MF,FW",Cruzeiro,36-004,1989,7.6,11,4,3,6,2,5,16,31.3,11,15,4,11,6,17,10,0,Matches
181,Carlos Eduardo,br BRA,FW,Mirassol,29-011,1996,5.1,8,5,3,1,4,5,10,50.0,5,4,0,4,5,13,10,0,Matches
182,Carlos Eduardo,br BRA,"FW,DF",Vitória,29-011,1996,0.5,0,0,0,0,0,0,0,,0,3,2,1,1,1,0,0,Matches
183,Alysson Edward,br BRA,"FW,MF",Grêmio,19-169,2006,13.8,38,18,17,15,6,18,28,64.3,10,23,1,22,11,49,10,0,Matches
184,Rodrigo Ely,br BRA,DF,Grêmio,31-352,1993,0.4,1,1,1,0,0,0,0,,0,1,1,0,1,2,0,0,Matches
185,Emerson,br BRA,DF,Flamengo,26-280,1999,7.9,21,13,10,9,2,10,17,58.8,7,8,1,7,12,33,20,0,Matches
186,Leandro Emmanuel Martínez,ar ARG,MF,Fortaleza,31-139,1994,8.2,17,10,5,11,1,9,18,50.0,9,10,2,8,7,24,10,1,Matches
187,Ênio,br BRA,"MF,FW",Juventude,24-232,2001,10.8,8,5,4,3,1,2,9,22.2,7,6,0,6,1,9,12,1,Matches
188,Erick,br BRA,"MF,DF",Bahia,27-341,1997,4.6,10,6,6,3,1,1,8,12.5,7,8,2,6,8,18,13,0,Matches
189,Erick,br BRA,"FW,MF",Vitória,27-315,1997,14.8,13,10,5,5,3,5,9,55.6,4,13,0,13,8,21,9,1,Matches
190,Gonzalo Escobar,ar ARG,DF,Santos,28-219,1997,20.3,77,56,47,24,6,47,60,78.3,13,26,6,20,36,113,86,2,Matches
191,Lucas Esteves,br BRA,DF,Grêmio,25-119,2000,6.7,11,9,5,5,1,4,5,80.0,1,9,1,8,10,21,22,0,Matches
192,Lucas Evangelista,br BRA,MF,Palmeiras,30-168,1995,11.6,30,19,9,20,1,11,27,40.7,16,9,3,6,6,36,9,0,Matches
193,Éverson,br BRA,GK,Atlético Mineiro,35-091,1990,26.0,0,0,0,0,0,0,1,0.0,1,0,0,0,1,1,14,1,Matches
194,Evertton,br BRA,MF,Flamengo,22-235,2003,8.0,14,11,5,7,2,9,13,69.2,4,11,2,9,3,17,8,0,Matches
195,Ewerton,br BRA,DF,Juventude,24-345,2000,11.5,21,14,15,4,2,11,27,40.7,16,5,1,4,19,40,40,1,Matches
196,Fabinho,br BRA,MF,RB Bragantino,23-195,2002,9.2,19,11,11,6,2,8,22,36.4,14,11,2,9,13,32,24,1,Matches
197,Fábio,br BRA,GK,Fluminense,45-021,1980,28.0,0,0,0,0,0,0,0,,0,0,0,0,1,1,12,4,Matches
198,Fabrício,br BRA,"FW,MF",Mirassol,28-212,1997,3.3,1,0,1,0,0,0,3,0.0,3,7,1,6,0,1,1,0,Matches
199,Fabrício,br BRA,"FW,MF",Vitória,25-013,2000,4.1,12,7,9,2,1,4,9,44.4,5,8,0,8,4,16,5,0,Matches
200,Fagner,br BRA,DF,Cruzeiro,36-132,1989,8.2,18,9,13,5,0,10,17,58.8,7,10,0,10,10,28,33,1,Matches
Rk,Player,Nation,Pos,Squad,Age,Born,90s,Tkl,TklW,Def 3rd,Mid 3rd,Att 3rd,Tkl,Att,Tkl%,Lost,Blocks,Sh,Pass,Int,Tkl+Int,Clr,Err,Matches
201,Luis Felipe,br BRA,MF,Palmeiras,17-261,2008,0.1,0,0,0,0,0,0,0,,0,0,0,0,0,0,0,0,Matches
202,Marcos Felipe,br BRA,GK,Bahia,29-191,1996,10.8,0,0,0,0,0,0,0,,0,0,0,0,1,1,10,1,Matches
203,Lucas Fernandes,br BRA,MF,Juventude,28-031,1997,3.9,3,2,1,2,0,1,3,33.3,2,2,0,2,4,7,0,1,Matches
204,Matheus Fernandes,br BRA,MF,RB Bragantino,27-113,1998,5.6,14,11,9,4,1,4,12,33.3,8,13,3,10,9,23,13,0,Matches
205,Nathan Fernandes,br BRA,"FW,MF",Botafogo (RJ),20-247,2005,3.7,5,1,2,2,1,1,4,25.0,3,2,0,2,2,7,5,0,Matches
206,Fernandinho,br BRA,FW,Ceará,28-094,1997,5.3,11,7,5,5,1,4,9,44.4,5,8,0,8,14,25,5,0,Matches
207,Fernando,br BRA,"MF,DF",Internacional,38-088,1987,4.6,9,5,5,4,0,4,12,33.3,8,8,5,3,6,15,8,0,Matches
208,Fernando,br BRA,"FW,MF",RB Bragantino,26-234,1999,2.3,4,0,1,2,1,3,4,75.0,1,3,0,3,0,4,3,0,Matches
209,Nahuel Ferraresi,ve VEN,DF,São Paulo,26-336,1998,16.6,61,42,29,26,6,35,57,61.4,22,15,5,10,19,80,75,0,Matches
210,Ferreira,br BRA,FW,São Paulo,27-294,1997,12.2,15,9,6,7,2,7,19,36.8,12,12,1,11,6,21,9,0,Matches
211,Bruno Ferreira,br BRA,GK,Ceará,31-219,1994,20.7,1,1,1,0,0,1,1,100.0,0,0,0,0,0,1,17,1,Matches
212,Lucas Ferreira,br BRA,FW,São Paulo,19-176,2006,8.5,18,10,5,9,4,5,13,38.5,8,15,0,15,6,24,11,0,Matches
213,Luiz Filipe,br BRA,FW,Mirassol,24-146,2001,0.2,1,1,0,0,1,0,1,0.0,1,0,0,0,0,1,0,0,Matches
214,André Filipinho,br BRA,DF,Juventude,28-281,1997,3.4,5,1,3,1,1,1,3,33.3,2,3,1,2,5,10,19,0,Matches
215,Riquelme Fillipi,br BRA,FW,Palmeiras,19-036,2006,0.1,0,0,0,0,0,0,0,,0,0,0,0,0,0,2,0,Matches
216,Caíque França,br BRA,GK,Sport Recife,30-140,1995,12.0,1,1,1,0,0,1,2,50.0,1,0,0,0,0,1,8,0,Matches
217,Matheus França,br BRA,"MF,FW",Vasco da Gama,21-203,2004,1.3,4,1,2,0,2,2,5,40.0,3,6,2,4,0,4,2,0,Matches
218,Ryan Francisco,br BRA,"FW,MF",São Paulo,18-334,2006,2.3,0,0,0,0,0,0,3,0.0,3,1,0,1,0,0,0,0,Matches
219,Alan Franco,ec ECU,MF,Atlético Mineiro,27-061,1998,21.2,39,25,15,19,5,15,20,75.0,5,14,7,7,22,61,34,0,Matches
220,Alan Franco,ar ARG,DF,São Paulo,29-010,1996,19.2,21,14,14,7,0,13,22,59.1,9,26,13,13,19,40,99,2,Matches
221,Luan Freitas,br BRA,DF,Juventude,24-274,2001,5.5,11,5,5,6,0,6,7,85.7,1,8,5,3,3,14,25,0,Matches
222,Lucas Freitas,br BRA,DF,Vasco da Gama,24-274,2001,16.0,15,8,8,6,1,11,17,64.7,6,23,20,3,18,33,80,3,Matches
223,Marlon Freitas,br BRA,MF,Botafogo (RJ),30-208,1995,23.5,36,23,15,15,6,22,42,52.4,20,25,11,14,20,56,46,0,Matches
224,Riquelme Freitas,br BRA,"FW,MF",Grêmio,19-069,2006,4.3,6,4,2,4,0,5,11,45.5,6,8,0,8,1,7,2,0,Matches
225,Juan Freytes,ar ARG,DF,Fluminense,25-283,2000,24.0,15,9,11,3,1,10,21,47.6,11,24,15,9,14,29,138,4,Matches
Rk,Player,Nation,Pos,Squad,Age,Born,90s,Tkl,TklW,Def 3rd,Mid 3rd,Att 3rd,Tkl,Att,Tkl%,Lost,Blocks,Sh,Pass,Int,Tkl+Int,Clr,Err,Matches
226,Adonis Frías,ar ARG,DF,Santos,27-218,1998,4.4,4,3,4,0,0,1,2,50.0,1,3,3,0,6,10,16,1,Matches
227,Bruno Fuchs,br BRA,DF,Palmeiras,26-203,1999,12.1,22,14,11,11,0,10,14,71.4,4,9,6,3,19,41,59,0,Matches
228,Gabriel Fuentes,co COL,DF,Fluminense,28-254,1997,8.2,19,12,10,7,2,5,7,71.4,2,5,2,3,11,30,25,0,Matches
229,Daniel Fuzato,br BRA,GK,Vasco da Gama,28-109,1997,1.0,0,0,0,0,0,0,0,,0,0,0,0,0,0,0,1,Matches
230,Gabriel,br BRA,DF,Bahia,24-168,2001,8.5,13,9,11,2,0,7,9,77.8,2,10,6,4,11,24,51,1,Matches
231,Gabriel,br BRA,"MF,FW",Mirassol,35-288,1990,13.9,7,6,2,2,3,4,7,57.1,3,17,9,8,5,12,8,1,Matches
232,Gabriel,br BRA,GK,Vitória,33-024,1992,1.0,0,0,0,0,0,0,0,,0,0,0,0,0,0,1,0,Matches
233,Gabriel,br BRA,GK,Sport Recife,33-024,1992,16.0,2,1,2,0,0,2,3,66.7,1,0,0,0,0,2,11,0,Matches
234,Gabriel,br BRA,MF,RB Bragantino,33-103,1992,21.6,55,38,25,23,7,19,49,38.8,30,23,3,20,27,82,34,0,Matches
235,Victor Gabriel,br BRA,DF,Internacional,21-176,2004,10.8,19,15,10,9,0,10,13,76.9,3,17,11,6,15,34,84,1,Matches
236,Antonio Galeano,py PAR,FW,Ceará,25-213,2000,25.9,30,13,16,13,1,13,30,43.3,17,20,2,18,10,40,34,1,Matches
237,Emerson Galego,br BRA,"FW,MF",Juventude,26-072,1999,0.3,0,0,0,0,0,0,1,0.0,1,1,0,1,0,0,0,0,Matches
238,Mateo Gamarra,py PAR,DF,Cruzeiro,25-001,2000,1.7,6,5,5,1,0,5,6,83.3,1,1,1,0,4,10,18,0,Matches
239,Ganso,br BRA,MF,Fluminense,36-009,1989,6.6,10,3,4,4,2,6,10,60.0,4,4,1,3,0,10,1,0,Matches
240,Maurício Garcez,br BRA,"FW,MF",Juventude,28-219,1997,0.7,0,0,0,0,0,0,0,,0,2,0,2,0,0,1,0,Matches
241,Benjamín Garré,ar ARG,"FW,MF",Vasco da Gama,25-102,2000,3.3,6,5,4,2,0,3,9,33.3,6,6,1,5,2,8,4,0,Matches
242,Rodrigo Garro,ar ARG,MF,Corinthians,27-290,1998,10.2,8,7,1,3,4,3,16,18.8,13,5,0,5,3,11,0,0,Matches
243,Lucas Gazal,br BRA,DF,Fortaleza,26-076,1999,3.0,5,4,5,0,0,3,5,60.0,2,3,1,2,3,8,20,0,Matches
244,Gerson,br BRA,"FW,MF",Flamengo,28-154,1997,7.9,17,14,5,7,5,9,14,64.3,5,7,1,6,5,22,3,0,Matches
245,Agustín Giay,ar ARG,DF,Palmeiras,21-278,2004,19.4,53,39,26,22,5,29,47,61.7,18,20,5,15,14,67,49,2,Matches
246,Gil,br BRA,DF,Santos,38-131,1987,8.0,17,9,15,1,1,10,15,66.7,5,6,3,3,7,24,30,0,Matches
247,Gilberto,br BRA,DF,Bahia,32-228,1993,16.7,42,29,27,11,4,30,45,66.7,15,12,8,4,15,57,59,2,Matches
248,Gilberto,br BRA,FW,Juventude,36-138,1989,11.3,7,5,6,0,1,3,6,50.0,3,5,1,4,4,11,11,0,Matches
249,Giovanny,br BRA,"FW,MF",Juventude,28-032,1997,4.1,3,2,2,1,0,2,12,16.7,10,7,1,6,1,4,5,0,Matches
250,Daniel Giraldo,co COL,MF,Juventude,33-112,1992,7.5,11,8,6,4,1,7,17,41.2,10,11,5,6,3,14,22,1,Matches
Rk,Player,Nation,Pos,Squad,Age,Born,90s,Tkl,TklW,Def 3rd,Mid 3rd,Att 3rd,Tkl,Att,Tkl%,Lost,Blocks,Sh,Pass,Int,Tkl+Int,Clr,Err,Matches
251,Leonardo Godoy,ar ARG,DF,Santos,30-176,1995,4.6,4,4,1,2,1,3,8,37.5,5,6,1,5,1,5,17,0,Matches
252,Davi Goes,br BRA,MF,Juventude,20-121,2005,0.7,1,1,1,0,0,0,0,,0,4,4,0,1,2,2,0,Matches
253,Bruno Gomes,br BRA,"MF,DF",Internacional,24-200,2001,1.4,5,3,2,3,0,1,5,20.0,4,3,0,3,1,6,2,0,Matches
254,Davi Gomes,br BRA,FW,RB Bragantino,20-137,2005,1.6,1,0,1,0,0,1,5,20.0,4,3,0,3,0,1,1,0,Matches
255,Fredi Gomes,br BRA,DF,Bahia,19-151,2006,1.0,1,1,1,0,0,1,1,100.0,0,1,0,1,2,3,2,1,Matches
256,Igor Gomes,br BRA,"MF,FW",Atlético Mineiro,26-218,1999,12.8,14,7,4,7,3,3,13,23.1,10,18,5,13,15,29,10,1,Matches
257,Carlos Gómez,co COL,FW,Vasco da Gama,23-039,2002,5.0,6,4,5,0,1,3,4,75.0,1,4,1,3,2,8,3,0,Matches
258,Gustavo Gómez,py PAR,DF,Palmeiras,32-168,1993,20.6,43,21,25,15,3,22,31,71.0,9,19,13,6,28,71,113,1,Matches
259,Nuno Gonçalo Moreira,pt POR,"FW,MF",Vasco da Gama,26-127,1999,23.3,28,14,4,10,14,13,33,39.4,20,19,4,15,13,41,32,0,Matches
260,Matheus Gonçalves,br BRA,FW,Flamengo,20-064,2005,0.8,1,1,0,1,0,1,3,33.3,2,2,0,2,0,1,0,0,Matches
261,Gregore,br BRA,MF,Botafogo (RJ),31-233,1994,10.9,48,28,21,18,9,21,35,60.0,14,16,6,10,13,61,19,0,Matches
262,Guga,br BRA,DF,Fluminense,27-053,1998,9.9,27,17,14,13,0,15,25,60.0,10,19,4,15,7,34,19,1,Matches
263,Guilherme,br BRA,"MF,FW",Mirassol,34-153,1991,3.5,3,2,2,1,0,2,6,33.3,4,1,0,1,2,5,2,0,Matches
264,Guilherme,br BRA,"FW,MF",Santos,30-191,1995,19.3,31,18,16,9,6,12,22,54.5,10,29,2,27,12,43,38,0,Matches
265,Guilherme,br BRA,DF,RB Bragantino,23-249,2002,6.8,15,9,11,3,1,9,15,60.0,6,14,5,9,4,19,17,0,Matches
266,Ryan Guilherme,br BRA,MF,Cruzeiro,22-318,2002,0.1,2,2,1,1,0,1,2,50.0,1,0,0,0,2,4,0,0,Matches
267,Zé Guilherme,br BRA,"DF,FW",Bahia,20-219,2005,1.0,0,0,0,0,0,0,0,,0,2,0,2,3,3,3,0,Matches
268,Gustavinho,br BRA,MF,RB Bragantino,21-181,2004,3.0,8,4,4,3,1,2,3,66.7,1,2,1,1,3,11,3,0,Matches
269,Gustavo,br BRA,GK,Juventude,32-225,1993,9.5,1,1,1,0,0,1,1,100.0,0,0,0,0,0,1,4,1,Matches
270,Luiz Gustavo,br BRA,"MF,DF",São Paulo,38-090,1987,2.3,8,3,2,5,1,2,4,50.0,2,4,3,1,3,11,6,0,Matches
271,Luiz Gustavo,br BRA,DF,Vasco da Gama,19-192,2006,3.2,4,2,3,1,0,1,3,33.3,2,3,3,0,2,6,24,0,Matches
272,Ryan Gustavo,br BRA,MF,Corinthians,22-098,2003,5.6,19,11,5,12,2,7,17,41.2,10,11,4,7,9,28,3,0,Matches
273,Yeison Guzmán,co COL,MF,Fortaleza,27-213,1998,2.0,1,1,0,1,0,1,3,33.3,2,1,0,1,2,3,0,0,Matches
274,Lucas Halter,br BRA,DF,Vitória,25-172,2000,25.8,31,22,27,4,0,17,24,70.8,7,34,29,5,12,43,161,3,Matches
275,Héctor,es ESP,"FW,MF",Corinthians,30-037,1995,2.7,4,2,0,3,1,1,3,33.3,2,1,0,1,2,6,1,0,Matches
Rk,Player,Nation,Pos,Squad,Age,Born,90s,Tkl,TklW,Def 3rd,Mid 3rd,Att 3rd,Tkl,Att,Tkl%,Lost,Blocks,Sh,Pass,Int,Tkl+Int,Clr,Err,Matches
276,Henrique,br BRA,"FW,MF",São Paulo,18-346,2006,0.5,0,0,0,0,0,0,0,,0,0,0,0,0,0,0,0,Matches
277,Bruno Henrique,br BRA,"FW,MF",Flamengo,34-295,1990,14.0,17,13,3,6,8,7,14,50.0,7,10,0,10,3,20,5,0,Matches
278,Bruno Henrique,br BRA,MF,Internacional,36-000,1989,13.8,36,21,9,20,7,18,39,46.2,21,13,6,7,10,46,18,0,Matches
279,Dalbert Henrique,br BRA,"DF,FW",Sport Recife,32-043,1993,1.2,4,3,2,1,1,2,2,100.0,0,2,0,2,0,4,5,0,Matches
280,Gustavo Henrique,br BRA,DF,Corinthians,32-211,1993,15.0,14,12,11,1,2,8,15,53.3,7,22,16,6,13,27,89,1,Matches
281,Matheus Henrique,br BRA,"MF,FW",Cruzeiro,27-306,1997,6.5,20,12,7,13,0,7,14,50.0,7,7,3,4,6,26,6,1,Matches
282,Paulo Henrique,br BRA,DF,Vasco da Gama,29-088,1996,21.7,72,49,37,29,6,43,62,69.4,19,36,9,27,27,99,88,2,Matches
283,Pedro Henrique,br BRA,FW,Ceará,35-127,1990,11.7,29,24,10,13,6,12,25,48.0,13,3,0,3,7,36,12,3,Matches
284,Pedro Henrique,br BRA,DF,RB Bragantino,30-019,1995,24.9,25,14,21,4,0,16,31,51.6,15,27,21,6,26,51,201,2,Matches
285,Hércules,br BRA,MF,Fluminense,25-001,2000,18.1,41,24,17,20,4,18,35,51.4,17,15,5,10,9,50,21,1,Matches
286,Diogo Hereda,br BRA,DF,Sport Recife,27-031,1998,9.4,20,17,10,7,3,11,16,68.8,5,7,2,5,7,27,17,0,Matches
287,Marcelo Hermes,br BRA,DF,Juventude,30-262,1995,13.5,27,18,14,11,2,14,22,63.6,8,14,3,11,12,39,44,3,Matches
288,José Herrera,ar ARG,FW,Fortaleza,22-188,2003,4.9,13,10,4,4,5,6,19,31.6,13,7,1,6,3,16,3,0,Matches
289,Lucca Holanda,br BRA,"FW,MF",Internacional,22-202,2003,1.8,2,1,1,1,0,0,0,,0,3,0,3,0,2,1,0,Matches
290,Hudson,br BRA,MF,Juventude,24-280,2001,2.3,3,1,1,1,1,0,2,0.0,2,0,0,0,2,5,4,0,Matches
291,Hugo,br BRA,DF,Corinthians,28-053,1997,3.2,6,5,1,3,2,2,4,50.0,2,3,1,2,3,9,12,0,Matches
292,Victor Hugo,br BRA,MF,Flamengo,21-163,2004,0.1,0,0,0,0,0,0,0,,0,1,0,1,0,0,1,0,Matches
293,Victor Hugo,br BRA,"MF,FW",Santos,21-163,2004,1.5,3,3,1,1,1,1,1,100.0,0,4,1,3,0,3,2,0,Matches
294,Victor Hugo,br BRA,DF,Sport Recife,16-313,2008,0.7,0,0,0,0,0,0,0,,0,1,0,1,0,0,2,0,Matches
295,Vitor Hugo,br BRA,DF,Atlético Mineiro,34-154,1991,10.8,15,8,8,6,1,6,9,66.7,3,15,10,5,20,35,74,1,Matches
296,Huguinho,br BRA,MF,Botafogo (RJ),18-198,2007,0.3,0,0,0,0,0,0,1,0.0,1,0,0,0,1,1,0,0,Matches
297,Hulk,br BRA,"FW,MF",Atlético Mineiro,39-088,1986,19.9,14,8,6,6,2,2,10,20.0,8,11,2,9,1,15,16,1,Matches
298,José Hurtado,ec ECU,DF,RB Bragantino,23-302,2001,16.6,34,25,17,15,2,18,33,54.5,15,23,4,19,15,49,56,0,Matches
299,Hyan,br BRA,MF,Santos,21-211,2004,0.2,2,1,1,1,0,1,1,100.0,0,0,0,0,1,3,0,0,Matches
300,Hyoran,br BRA,"MF,FW",Sport Recife,32-149,1993,3.3,9,4,2,5,2,3,5,60.0,2,2,0,2,1,10,2,0,Matches
Rk,Player,Nation,Pos,Squad,Age,Born,90s,Tkl,TklW,Def 3rd,Mid 3rd,Att 3rd,Tkl,Att,Tkl%,Lost,Blocks,Sh,Pass,Int,Tkl+Int,Clr,Err,Matches
301,Iago,br BRA,"DF,MF",Bahia,28-212,1997,5.6,8,7,2,4,2,1,4,25.0,3,3,1,2,5,13,9,0,Matches
302,Ignácio,br BRA,DF,Fluminense,28-324,1996,8.8,19,11,12,7,0,10,12,83.3,2,8,4,4,14,33,66,1,Matches
303,Juan Ignacio Dinenno,ar ARG,FW,Cruzeiro,31-054,1994,0.1,0,0,0,0,0,0,0,,0,0,0,0,0,0,0,0,Matches
304,Juan Ignacio Dinenno,ar ARG,FW,São Paulo,31-054,1994,2.9,3,1,1,2,0,1,4,25.0,3,0,0,0,0,3,1,0,Matches
305,Juan Ignacio Ramírez,uy URU,FW,Sport Recife,28-262,1997,3.2,2,1,0,1,1,1,2,50.0,1,3,0,3,0,2,1,0,Matches
306,Isaac,br BRA,DF,Atlético Mineiro,21-209,2004,0.1,0,0,0,0,0,0,0,,0,0,0,0,0,0,1,0,Matches
307,Isaque,br BRA,MF,Fluminense,18-180,2007,0.2,1,1,0,0,1,0,0,,0,0,0,0,0,1,1,0,Matches
308,Mateus Iseppe,br BRA,MF,Atlético Mineiro,19-172,2006,0.0,2,2,0,0,2,0,0,,0,0,0,0,0,2,0,0,Matches
309,Ismael,pt POR,MF,Vitória,26-210,1999,0.2,0,0,0,0,0,0,1,0.0,1,0,0,0,0,0,2,0,Matches
310,Zé Ivaldo,br BRA,DF,Santos,28-242,1997,13.1,18,12,11,6,1,13,22,59.1,9,13,8,5,13,31,67,0,Matches
311,Ivan,br BRA,GK,Internacional,28-111,1997,1.0,0,0,0,0,0,0,0,,0,0,0,0,0,0,0,0,Matches
312,Leo Jacó,br BRA,"FW,MF",Vasco da Gama,20-198,2005,0.2,2,1,1,1,0,1,1,100.0,0,0,0,0,0,2,1,0,Matches
313,Jadson,br BRA,MF,Juventude,32-052,1993,26.6,38,22,16,19,3,7,36,19.4,29,36,9,27,30,68,34,2,Matches
314,Jair,br BRA,MF,Vasco da Gama,31-056,1994,6.2,13,9,7,6,0,8,15,53.3,7,8,2,6,6,19,9,0,Matches
315,Jamerson,br BRA,DF,Vitória,27-042,1998,11.4,27,19,18,5,4,12,19,63.2,7,9,4,5,12,39,42,0,Matches
316,Janderson,br BRA,"FW,MF",Vitória,26-168,1999,8.1,10,5,0,6,4,4,13,30.8,9,11,2,9,2,12,6,0,Matches
317,Jandrei,br BRA,GK,Juventude,32-234,1993,11.0,0,0,0,0,0,0,0,,0,0,0,0,0,0,3,2,Matches
318,Jardiel,br BRA,FW,Grêmio,20-153,2005,0.3,0,0,0,0,0,0,0,,0,1,1,0,0,0,0,0,Matches
319,Léo Jardim,br BRA,GK,Vasco da Gama,30-215,1995,27.9,0,0,0,0,0,0,0,,0,0,0,0,0,0,25,5,Matches
320,Jeffinho,br BRA,"FW,MF",Botafogo (RJ),25-295,1999,5.9,11,4,3,6,2,2,9,22.2,7,7,0,7,7,18,3,0,Matches
321,Jefinho,br BRA,MF,Sport Recife,19-067,2006,0.3,0,0,0,0,0,0,1,0.0,1,1,0,1,1,1,0,0,Matches
322,Jefté,br BRA,DF,Palmeiras,21-304,2003,2.1,2,1,1,1,0,0,1,0.0,1,3,1,2,1,3,8,0,Matches
323,Jemerson,br BRA,DF,Grêmio,33-058,1992,8.6,18,12,12,6,0,10,12,83.3,2,5,2,3,9,27,53,0,Matches
324,Jemmes,br BRA,DF,Mirassol,25-195,2000,29.0,57,40,39,15,3,37,54,68.5,17,27,20,7,34,91,178,1,Matches
325,Caíque de Jesus Gonçalves,br BRA,MF,Juventude,30-011,1995,16.6,49,32,29,19,1,28,42,66.7,14,19,8,11,14,63,31,3,Matches
Rk,Player,Nation,Pos,Squad,Age,Born,90s,Tkl,TklW,Def 3rd,Mid 3rd,Att 3rd,Tkl,Att,Tkl%,Lost,Blocks,Sh,Pass,Int,Tkl+Int,Clr,Err,Matches
326,Igor Jesus,br BRA,FW,Botafogo (RJ),24-238,2001,9.7,3,3,0,3,0,1,4,25.0,3,8,5,3,0,3,8,0,Matches
327,Maykon Jesus,br BRA,DF,Vitória,19-318,2005,7.5,12,6,4,7,1,5,9,55.6,4,5,2,3,6,18,49,1,Matches
328,Jhon Jhon,br BRA,"MF,FW",RB Bragantino,23-042,2002,23.8,17,15,7,7,3,10,25,40.0,15,28,3,25,9,26,14,2,Matches
329,John,br BRA,GK,Botafogo (RJ),29-250,1996,17.0,1,1,1,0,0,1,1,100.0,0,2,0,2,1,2,7,1,Matches
330,Felipe Jonatan,br BRA,DF,Mirassol,27-248,1998,1.1,1,0,0,1,0,0,1,0.0,1,0,0,0,0,1,3,0,Matches
331,Jonathan,br BRA,DF,Cruzeiro,21-147,2004,6.7,11,8,10,1,0,7,17,41.2,10,9,5,4,8,19,44,0,Matches
332,Kaio Jorge,br BRA,FW,Cruzeiro,23-270,2002,22.4,9,6,2,5,2,4,9,44.4,5,15,2,13,5,14,6,0,Matches
333,Jorginho,it ITA,MF,Flamengo,33-305,1991,11.7,17,11,4,11,2,13,23,56.5,10,7,2,5,18,35,3,2,Matches
334,José,br BRA,DF,Cruzeiro,20-051,2005,0.0,0,0,0,0,0,0,0,,0,0,0,0,0,0,0,0,Matches
335,Willian José,br BRA,FW,Bahia,33-332,1991,14.7,8,6,2,2,4,3,6,50.0,3,6,3,3,5,13,17,1,Matches
336,Luciano Juba,br BRA,DF,Bahia,26-053,1999,23.1,39,21,25,8,6,26,42,61.9,16,12,1,11,29,68,90,1,Matches
337,Juninho,br BRA,FW,Flamengo,28-334,1996,3.1,7,6,1,4,2,1,4,25.0,3,2,0,2,1,8,4,0,Matches
338,Juninho,br BRA,DF,Internacional,29-299,1995,13.7,24,15,16,7,1,8,13,61.5,5,22,16,6,16,40,70,0,Matches
339,Kauê Junior,br BRA,FW,Bahia,16-236,2009,0.0,0,0,0,0,0,0,0,,0,0,0,0,0,0,0,0,Matches
340,Robinho Junior,br BRA,"MF,FW",Santos,17-308,2007,1.2,3,2,1,1,1,1,3,33.3,2,0,0,0,0,3,1,0,Matches
341,José Kadir,pa PAN,"FW,MF",Botafogo (RJ),18-095,2007,0.1,0,0,0,0,0,0,0,,0,0,0,0,0,0,0,0,Matches
342,Kaiki,br BRA,DF,Cruzeiro,22-227,2003,25.5,76,61,53,17,6,28,40,70.0,12,29,8,21,33,109,111,0,Matches
343,Lucas Kal,br BRA,MF,Sport Recife,29-219,1996,0.7,0,0,0,0,0,0,1,0.0,1,0,0,0,0,0,5,0,Matches
344,Walter Kannemann,ar ARG,DF,Grêmio,34-221,1991,15.1,22,11,14,6,2,11,16,68.8,5,34,20,14,15,37,101,2,Matches
345,Kanu,br BRA,DF,Bahia,28-228,1997,1.1,1,1,1,0,0,1,2,50.0,1,2,1,1,5,6,2,0,Matches
346,Kayke,br BRA,FW,Fortaleza,19-124,2006,0.2,1,1,0,1,0,0,1,0.0,1,0,0,0,0,1,0,0,Matches
347,Kayke,br BRA,"MF,FW",Corinthians,21-176,2004,2.9,1,1,0,0,1,0,3,0.0,3,2,0,2,3,4,0,0,Matches
348,Renato Kayser,br BRA,FW,Vitória,29-246,1996,18.2,12,5,0,6,6,4,12,33.3,8,11,0,11,4,16,20,0,Matches
349,Kenji,br BRA,FW,Cruzeiro,19-264,2006,0.1,0,0,0,0,0,0,0,,0,0,0,0,0,0,0,0,Matches
350,John Kennedy,br BRA,FW,Fluminense,23-156,2002,3.3,0,0,0,0,0,0,2,0.0,2,4,1,3,1,1,2,0,Matches
Rk,Player,Nation,Pos,Squad,Age,Born,90s,Tkl,TklW,Def 3rd,Mid 3rd,Att 3rd,Tkl,Att,Tkl%,Lost,Blocks,Sh,Pass,Int,Tkl+Int,Clr,Err,Matches
351,Keno,br BRA,"FW,MF",Fluminense,36-041,1989,4.4,7,5,2,3,2,3,6,50.0,3,2,0,2,0,7,2,0,Matches
352,Kevyson,br BRA,DF,Santos,21-206,2004,0.2,0,0,0,0,0,0,2,0.0,2,0,0,0,0,0,1,0,Matches
353,Kevyson,br BRA,DF,Sport Recife,21-206,2004,2.5,6,4,5,1,0,6,10,60.0,4,5,2,3,3,9,14,0,Matches
354,Khellven,br BRA,DF,Palmeiras,24-238,2001,4.7,8,3,2,6,0,3,12,25.0,9,4,2,2,1,9,11,0,Matches
355,Gabriel Knesowitsch,br BRA,DF,Mirassol,22-003,2003,4.0,3,3,2,1,0,2,3,66.7,1,4,2,2,1,4,36,0,Matches
356,Benjamín Kuscevic,cl CHI,DF,Fortaleza,29-172,1996,19.0,37,25,27,10,0,22,31,71.0,9,22,14,8,16,53,116,3,Matches
357,Derik Lacerda,br BRA,FW,Sport Recife,26-024,1999,13.1,7,4,2,2,3,1,7,14.3,6,11,1,10,6,13,18,1,Matches
358,Ignacio Laquintana,uy URU,"FW,MF",RB Bragantino,26-262,1999,9.7,12,7,5,5,2,5,20,25.0,15,11,2,9,6,18,5,0,Matches
359,Joaquín Lavega,uy URU,"FW,DF",Fluminense,20-260,2005,0.7,1,0,0,1,0,1,1,100.0,0,0,0,0,0,1,2,0,Matches
360,Helton Leite,br BRA,GK,Fortaleza,34-353,1990,4.0,0,0,0,0,0,0,0,,0,0,0,0,0,0,5,1,Matches
361,Lelê,br BRA,FW,Ceará,28-020,1997,1.2,0,0,0,0,0,0,0,,0,2,0,2,0,0,2,0,Matches
362,Mauricio Lemos,uy URU,DF,Vasco da Gama,29-297,1995,2.7,1,1,0,1,0,1,1,100.0,0,9,9,0,3,4,17,1,Matches
363,Rubén Lezcano,py PAR,"MF,FW",Fluminense,21-254,2004,0.6,1,0,0,0,1,1,1,100.0,0,1,0,1,0,1,0,0,Matches
364,Lima,br BRA,"MF,FW",Fluminense,29-132,1996,10.0,14,8,3,10,1,3,9,33.3,6,5,1,4,7,21,1,0,Matches
365,Lucas Lima,br BRA,MF,Ceará,25-109,2000,1.4,7,6,4,3,0,3,4,75.0,1,2,0,2,2,9,4,0,Matches
366,Lucas Lima,br BRA,"MF,FW",Sport Recife,35-104,1990,20.1,22,15,3,15,4,10,41,24.4,31,8,0,8,6,28,8,0,Matches
367,Leonardo Linck,br BRA,GK,Botafogo (RJ),24-232,2001,9.5,0,0,0,0,0,0,0,,0,0,0,0,0,0,3,2,Matches
368,Kauan Lindes,br BRA,MF,Botafogo (RJ),21-327,2003,0.3,1,0,0,1,0,0,0,,0,0,0,0,0,1,0,0,Matches
369,Samuel Lino,br BRA,"FW,MF",Flamengo,25-302,1999,9.2,19,11,9,9,1,7,21,33.3,14,16,2,14,2,21,7,0,Matches
370,Lenny Lobato,br BRA,FW,Sport Recife,24-260,2001,2.7,2,1,1,0,1,1,3,33.3,2,1,0,1,1,3,1,0,Matches
371,David Loiola,br BRA,DF,Botafogo (RJ),22-304,2002,13.3,15,6,9,5,1,10,16,62.5,6,18,10,8,9,24,68,0,Matches
372,Marcelo Lomba,br BRA,GK,Palmeiras,38-307,1986,1.0,0,0,0,0,0,0,0,,0,0,0,0,0,0,0,0,Matches
373,Felipe Longo,br BRA,GK,Corinthians,20-230,2005,1.0,0,0,0,0,0,0,0,,0,0,0,0,0,0,0,0,Matches
374,Renzo López,uy URU,FW,Vitória,31-188,1994,3.2,7,3,3,4,0,2,4,50.0,2,5,1,4,1,8,2,0,Matches
375,Lourenço,br BRA,MF,Ceará,28-044,1997,13.9,21,14,13,6,2,10,17,58.8,7,16,6,10,11,32,38,0,Matches
Rk,Player,Nation,Pos,Squad,Age,Born,90s,Tkl,TklW,Def 3rd,Mid 3rd,Att 3rd,Tkl,Att,Tkl%,Lost,Blocks,Sh,Pass,Int,Tkl+Int,Clr,Err,Matches
376,Lucão,br BRA,GK,RB Bragantino,24-237,2001,4.0,0,0,0,0,0,0,0,,0,0,0,0,0,0,1,2,Matches
377,Ayrton Lucas,br BRA,DF,Flamengo,28-124,1997,7.5,18,14,8,10,0,6,12,50.0,6,5,2,3,4,22,22,0,Matches
378,Jean Lucas,br BRA,MF,Bahia,27-121,1998,21.7,39,30,12,16,11,18,35,51.4,17,20,4,16,11,50,19,0,Matches
379,João Lucas,br BRA,DF,Grêmio,27-226,1998,1.6,5,4,4,1,0,4,5,80.0,1,4,1,3,0,5,11,0,Matches
380,Zé Lucas,br BRA,MF,Sport Recife,17-212,2008,17.7,43,27,21,18,4,17,38,44.7,21,32,7,25,26,69,34,2,Matches
381,Luciano,br BRA,"FW,MF",São Paulo,32-156,1993,17.0,19,11,4,10,5,8,18,44.4,10,12,0,12,10,29,11,0,Matches
382,Luighi,br BRA,FW,Palmeiras,19-174,2006,2.6,4,1,0,3,1,2,7,28.6,5,5,0,5,0,4,2,0,Matches
383,Victor Luis,br BRA,DF,Vasco da Gama,32-120,1993,1.5,1,1,1,0,0,1,2,50.0,1,2,2,0,3,4,6,0,Matches
384,Luisão,br BRA,DF,Santos,22-042,2003,4.9,7,3,3,4,0,4,11,36.4,7,6,3,3,3,10,32,2,Matches
385,David Luiz,br BRA,DF,Fortaleza,38-182,1987,4.4,5,4,4,1,0,3,3,100.0,0,8,7,1,5,10,30,0,Matches
386,Guilherme Luiz,br BRA,FW,Ceará,20-179,2005,1.6,5,3,3,0,2,3,6,50.0,3,1,0,1,1,6,3,0,Matches
387,Lyanco,br BRA,DF,Atlético Mineiro,28-262,1997,15.7,30,18,22,4,4,12,18,66.7,6,20,13,7,37,67,80,3,Matches
388,Everton Maceió,br BRA,"FW,MF",Mirassol,22-099,2003,1.6,1,1,0,1,0,0,0,,0,2,0,2,0,1,4,1,Matches
389,Willian Machado,br BRA,DF,Ceará,28-342,1996,26.8,33,21,20,12,1,11,17,64.7,6,24,15,9,30,63,209,1,Matches
390,Talles Magno,br BRA,"FW,MF",Corinthians,23-117,2002,9.7,19,13,9,7,3,11,20,55.0,9,9,2,7,5,24,12,0,Matches
391,Magrão,br BRA,GK,Fortaleza,25-159,2000,3.0,0,0,0,0,0,0,0,,0,0,0,0,0,0,0,0,Matches
392,Gustavo Maia,br BRA,FW,Sport Recife,24-272,2001,0.2,0,0,0,0,0,0,0,,0,0,0,0,0,0,0,0,Matches
393,Pablo Maia,br BRA,MF,São Paulo,23-284,2002,10.9,17,11,5,9,3,10,21,47.6,11,17,7,10,6,23,18,1,Matches
394,Thiago Maia,br BRA,MF,Internacional,28-212,1997,14.5,24,17,10,10,4,11,23,47.8,12,22,4,18,20,44,31,0,Matches
395,Maik,br BRA,DF,São Paulo,20-291,2005,2.9,9,6,3,3,3,7,7,100.0,0,5,0,5,2,11,5,0,Matches
396,Léo Mana,br BRA,DF,Corinthians,21-198,2004,2.5,3,2,0,2,1,1,4,25.0,3,3,0,3,3,6,10,0,Matches
397,Gustavo Mancha,br BRA,DF,Fortaleza,21-088,2004,11.4,20,11,10,10,0,12,20,60.0,8,3,1,2,15,35,55,0,Matches
398,Eros Mancuso,ar ARG,DF,Fortaleza,26-187,1999,16.5,37,20,25,8,4,26,43,60.5,17,13,1,12,15,52,37,0,Matches
399,Luis Mandaca,br BRA,"MF,FW",Juventude,24-019,2001,22.0,46,28,19,19,8,12,34,35.3,22,27,7,20,15,61,33,2,Matches
400,Manoel,br BRA,DF,Fluminense,35-237,1990,3.8,0,0,0,0,0,0,1,0.0,1,7,3,4,0,0,17,0,Matches
Rk,Player,Nation,Pos,Squad,Age,Born,90s,Tkl,TklW,Def 3rd,Mid 3rd,Att 3rd,Tkl,Att,Tkl%,Lost,Blocks,Sh,Pass,Int,Tkl+Int,Clr,Err,Matches
401,Elias Manoel,br BRA,"MF,FW",Botafogo (RJ),23-325,2001,0.3,0,0,0,0,0,0,1,0.0,1,2,0,2,0,0,0,0,Matches
402,José Manuel López,ar ARG,"FW,MF",Palmeiras,24-319,2000,15.7,25,17,3,15,7,8,15,53.3,7,20,2,18,6,31,12,0,Matches
403,Fernando Marçal,br BRA,DF,Botafogo (RJ),36-244,1989,8.1,14,11,11,3,0,9,12,75.0,3,19,10,9,13,27,39,1,Matches
404,Marcão,br BRA,GK,Juventude,33-229,1992,5.5,0,0,0,0,0,0,0,,0,0,0,0,0,0,1,0,Matches
405,João Marcelo,br BRA,DF,Cruzeiro,25-130,2000,0.5,0,0,0,0,0,0,0,,0,1,1,0,2,2,5,0,Matches
406,João Marcelo,br BRA,FW,Atlético Mineiro,20-189,2005,0.8,2,1,1,1,0,2,2,100.0,0,2,0,2,0,2,1,0,Matches
407,Zé Marcos,br BRA,DF,Vitória,27-262,1998,21.5,18,15,11,6,1,10,16,62.5,6,17,14,3,13,31,144,1,Matches
408,Marinho,br BRA,FW,Fortaleza,35-145,1990,7.9,12,7,5,6,1,5,10,50.0,5,7,0,7,5,17,2,0,Matches
409,Marlon,br BRA,DF,Cruzeiro,28-154,1997,0.1,0,0,0,0,0,0,0,,0,0,0,0,0,0,0,0,Matches
410,Marlon,br BRA,MF,Juventude,20-283,2005,0.1,0,0,0,0,0,0,0,,0,0,0,0,0,0,0,0,Matches
411,Marlon,br BRA,DF,Grêmio,28-154,1997,22.0,58,39,47,11,0,42,69,60.9,27,23,7,16,26,84,98,1,Matches
412,Gustavo Marques,br BRA,DF,RB Bragantino,24-012,2001,4.7,10,5,7,3,0,4,7,57.1,3,13,10,3,6,16,27,0,Matches
413,Igor Marques,br BRA,"DF,MF",Juventude,26-286,1999,8.0,25,14,13,9,3,17,23,73.9,6,11,1,10,17,42,24,1,Matches
414,Lucca Marques,br BRA,"MF,FW",São Paulo,18-129,2007,1.6,1,1,0,0,1,0,0,,0,2,0,2,0,1,0,0,Matches
415,Renato Marques,br BRA,FW,Mirassol,21-316,2003,0.5,1,1,0,1,0,0,1,0.0,1,0,0,0,0,1,0,0,Matches
416,Marquinhos,br BRA,"FW,MF",Cruzeiro,22-197,2003,4.3,14,5,4,4,6,4,6,66.7,2,10,0,10,8,22,6,0,Matches
417,Juan Martín Lucero,ar ARG,FW,Fortaleza,33-325,1991,15.5,19,6,3,8,8,6,18,33.3,12,11,1,10,2,21,7,1,Matches
418,Martinelli,br BRA,MF,Fluminense,24-164,2001,22.4,41,26,23,12,6,13,29,44.8,16,34,9,25,15,56,25,3,Matches
419,Alejandro Martínez,ar ARG,FW,Ceará,28-188,1997,0.5,0,0,0,0,0,0,2,0.0,2,1,0,1,1,1,1,0,Matches
420,Emiliano Martínez,uy URU,MF,Palmeiras,26-065,1999,12.5,34,22,16,15,3,20,39,51.3,19,11,2,9,12,46,23,0,Matches
421,Adriano Martins,br BRA,DF,Juventude,28-203,1997,4.0,5,3,3,1,1,3,3,100.0,0,4,3,1,6,11,27,0,Matches
422,Andre Martins,br BRA,FW,Grêmio,23-308,2001,6.0,8,6,4,1,3,1,4,25.0,3,7,1,6,3,11,12,0,Matches
423,Matheus Martins,br BRA,"FW,MF",Botafogo (RJ),22-097,2003,7.3,12,8,2,9,1,6,13,46.2,7,4,0,4,3,15,3,0,Matches
424,Gustavo Martins Santos,br BRA,DF,Grêmio,23-071,2002,10.5,21,16,15,5,1,14,21,66.7,7,14,5,9,9,30,68,0,Matches
425,Gonzalo Mastriani,uy URU,FW,Botafogo (RJ),32-176,1993,3.1,1,1,1,0,0,1,3,33.3,2,0,0,0,2,3,0,0,Matches
Rk,Player,Nation,Pos,Squad,Age,Born,90s,Tkl,TklW,Def 3rd,Mid 3rd,Att 3rd,Tkl,Att,Tkl%,Lost,Blocks,Sh,Pass,Int,Tkl+Int,Clr,Err,Matches
426,Matheusinho,br BRA,"MF,FW",Vitória,28-003,1997,15.0,16,12,5,8,3,3,8,37.5,5,3,1,2,9,25,7,1,Matches
427,Matheusinho,br BRA,"FW,MF",Sport Recife,27-252,1998,13.0,19,13,7,7,5,6,13,46.2,7,10,1,9,14,33,10,0,Matches
428,Matheuzinho,br BRA,DF,Corinthians,25-043,2000,22.7,52,33,34,14,4,31,60,51.7,29,25,8,17,26,78,63,1,Matches
429,Ricardo Mathias,br BRA,FW,Internacional,19-088,2006,6.2,4,3,1,2,1,1,1,100.0,0,3,1,2,0,4,6,0,Matches
430,Guillermo Matías Fernández,ar ARG,MF,Fortaleza,34-010,1991,3.2,9,3,6,2,1,5,6,83.3,1,4,3,1,0,9,5,0,Matches
431,Mauricio,br BRA,"MF,FW",Palmeiras,24-152,2001,12.3,11,7,2,5,4,5,10,50.0,5,8,0,8,6,17,3,0,Matches
432,Maycon,br BRA,MF,Corinthians,28-098,1997,13.0,21,15,12,6,3,7,15,46.7,8,9,3,6,6,27,14,0,Matches
433,Mayke,br BRA,DF,Santos,32-345,1992,6.9,14,11,6,7,1,8,10,80.0,2,9,3,6,5,19,16,0,Matches
434,Mayke,br BRA,DF,Palmeiras,32-345,1992,2.3,5,4,2,1,2,3,5,60.0,2,3,1,2,0,5,5,0,Matches
435,Luca Meirelles,br BRA,"FW,MF",Santos,18-220,2007,1.0,1,1,0,1,0,0,3,0.0,3,1,0,1,0,1,1,0,Matches
436,Arthur Melo,br BRA,MF,Grêmio,29-070,1996,5.2,16,7,6,9,1,6,10,60.0,4,4,1,3,3,19,4,0,Matches
437,Memphis,nl NED,FW,Corinthians,31-250,1994,12.8,6,2,0,4,2,3,6,50.0,3,4,0,4,2,8,1,0,Matches
438,Nathan Mendes,br BRA,DF,RB Bragantino,23-063,2002,9.9,15,9,8,5,2,14,18,77.8,4,11,4,7,12,27,24,0,Matches
439,Thiago Mendes,br BRA,"MF,DF",Vasco da Gama,33-220,1992,1.5,0,0,0,0,0,0,1,0.0,1,3,1,2,4,4,7,0,Matches
440,Vinicius Mendonça,br BRA,FW,RB Bragantino,21-243,2004,11.0,26,17,12,11,3,13,30,43.3,17,13,1,12,6,32,8,0,Matches
441,Jean Meneses,cl CHI,FW,Vasco da Gama,32-219,1993,0.0,1,1,0,1,0,1,1,100.0,0,0,0,0,0,1,0,0,Matches
442,Ramon Menezes Roma,br BRA,DF,Sport Recife,30-171,1995,14.7,11,8,10,1,0,7,11,63.6,4,14,12,2,15,26,93,1,Matches
443,Gabriel Menino,br BRA,"MF,DF",Atlético Mineiro,25-022,2000,9.5,15,7,7,7,1,8,17,47.1,9,11,1,10,10,25,12,1,Matches
444,Gabriel Mercado,ar ARG,DF,Internacional,38-217,1987,4.5,4,4,2,2,0,2,2,100.0,0,2,2,0,6,10,26,0,Matches
445,Micael,br BRA,DF,Palmeiras,25-070,2000,12.0,23,15,12,10,1,8,11,72.7,3,7,4,3,8,31,80,1,Matches
446,Michael,br BRA,FW,Flamengo,29-223,1996,5.0,5,1,0,3,2,1,8,12.5,7,9,1,8,2,7,3,1,Matches
447,Carlos Miguel,br BRA,GK,Palmeiras,27-012,1998,1.0,0,0,0,0,0,0,0,,0,0,0,0,0,0,1,0,Matches
448,Fernando Miguel,br BRA,GK,Ceará,40-261,1985,7.3,0,0,0,0,0,0,0,,0,0,0,0,0,0,3,1,Matches
449,Moises,br BRA,"FW,MF",Fortaleza,29-049,1996,2.1,1,0,0,0,1,1,2,50.0,1,1,0,1,0,1,0,0,Matches
450,Miguel Monsalve,co COL,"FW,MF",Grêmio,21-236,2004,3.3,5,5,2,3,0,3,5,60.0,2,1,1,0,0,5,0,0,Matches
Rk,Player,Nation,Pos,Squad,Age,Born,90s,Tkl,TklW,Def 3rd,Mid 3rd,Att 3rd,Tkl,Att,Tkl%,Lost,Blocks,Sh,Pass,Int,Tkl+Int,Clr,Err,Matches
451,Álvaro Montoro,ar ARG,FW,Botafogo (RJ),18-187,2007,8.3,16,12,7,6,3,9,13,69.2,4,8,0,8,12,28,4,1,Matches
452,Kauã Moraes,br BRA,DF,Cruzeiro,19-114,2006,1.9,3,3,1,2,0,3,10,30.0,7,2,2,0,2,5,7,0,Matches
453,Aníbal Moreno,ar ARG,MF,Palmeiras,26-161,1999,14.8,38,26,18,15,5,24,42,57.1,18,16,2,14,16,54,25,1,Matches
454,Santiago Moreno,co COL,FW,Fluminense,25-183,2000,1.7,2,0,1,1,0,0,1,0.0,1,4,0,4,2,4,2,0,Matches
455,Henry Mosquera,co COL,"FW,MF",RB Bragantino,23-340,2001,7.9,13,7,5,6,2,7,9,77.8,2,5,0,5,5,18,4,0,Matches
456,Gustavo Mosquito,br BRA,"FW,MF",Vitória,28-044,1997,5.3,4,1,2,1,1,1,6,16.7,5,2,0,2,3,7,8,0,Matches
457,Hugo Moura,br BRA,"MF,DF",Vasco da Gama,27-291,1998,23.2,46,26,20,23,3,19,38,50.0,19,19,8,11,23,69,77,3,Matches
458,Lucas Moura,br BRA,"FW,MF",São Paulo,33-069,1992,2.8,3,1,2,0,1,1,3,33.3,2,3,1,2,3,6,2,0,Matches
459,Neto Moura,br BRA,MF,Mirassol,29-076,1996,22.0,55,32,25,25,5,18,37,48.6,19,25,6,19,41,96,51,0,Matches
460,Lucas Mugni,ar ARG,MF,Ceará,33-282,1992,14.6,36,27,17,15,4,15,26,57.7,11,24,2,22,3,39,6,2,Matches
461,Alex Muralha,br BRA,GK,Mirassol,35-345,1989,7.0,0,0,0,0,0,0,0,,0,0,0,0,0,0,9,1,Matches
462,Bruno Nascimento,br BRA,FW,Palmeiras,28-228,1997,1.0,0,0,0,0,0,0,1,0.0,1,0,0,0,0,0,0,0,Matches
463,Nata,br BRA,"DF,MF",Juventude,24-138,2001,1.0,3,1,2,0,1,2,3,66.7,1,1,0,1,3,6,5,0,Matches
464,Natanael,br BRA,DF,Atlético Mineiro,23-289,2002,21.0,49,30,22,24,3,20,37,54.1,17,25,8,17,22,71,50,0,Matches
465,Nathan,br BRA,DF,Internacional,24-046,2001,1.0,4,0,2,1,1,1,2,50.0,1,1,0,1,0,4,1,0,Matches
466,Nathan,br BRA,"MF,FW",Grêmio,29-222,1996,1.0,0,0,0,0,0,0,1,0.0,1,4,0,4,0,0,1,0,Matches
467,Kaiky Naves,br BRA,DF,Palmeiras,23-166,2002,0.2,1,0,0,1,0,1,1,100.0,0,0,0,0,0,1,3,0,Matches
468,Gui Negão,br BRA,"FW,MF",Corinthians,18-257,2007,8.0,5,3,2,3,0,2,8,25.0,6,9,1,8,5,10,7,0,Matches
469,Felipe Negrucci,br BRA,DF,São Paulo,21-170,2004,2.0,1,1,1,0,0,1,2,50.0,1,6,5,1,1,2,11,0,Matches
470,Negueba,br BRA,FW,Mirassol,25-322,1999,16.1,23,14,8,11,4,9,17,52.9,8,18,5,13,8,31,21,0,Matches
471,Edison Negueba,br BRA,FW,Juventude,24-362,2000,0.5,4,1,0,3,1,0,0,,0,1,0,1,0,4,0,0,Matches
472,Nenê,br BRA,"FW,MF",Juventude,44-094,1981,6.4,2,1,0,2,0,2,4,50.0,2,4,0,4,2,4,3,0,Matches
473,Neris,br BRA,DF,Vitória,33-126,1992,2.7,3,1,2,1,0,0,1,0.0,1,3,2,1,2,5,21,0,Matches
474,Rodrigo Nestor,br BRA,"MF,FW",Bahia,25-073,2000,6.3,16,11,4,10,2,8,14,57.1,6,5,0,5,4,20,4,0,Matches
475,Neto,br BRA,GK,Botafogo (RJ),36-094,1989,2.5,0,0,0,0,0,0,0,,0,0,0,0,0,0,1,0,Matches
Rk,Player,Nation,Pos,Squad,Age,Born,90s,Tkl,TklW,Def 3rd,Mid 3rd,Att 3rd,Tkl,Att,Tkl%,Lost,Blocks,Sh,Pass,Int,Tkl+Int,Clr,Err,Matches
476,José Vitor Silva Neves,br BRA,FW,Mirassol,25-172,2000,0.3,2,0,0,1,1,1,2,50.0,1,0,0,0,0,2,0,0,Matches
477,Newton,br BRA,MF,Botafogo (RJ),25-223,2000,13.0,27,15,9,12,6,9,20,45.0,11,13,4,9,17,44,20,0,Matches
478,Neymar,br BRA,"FW,MF",Santos,33-258,1992,10.9,3,0,0,2,1,3,5,60.0,2,3,0,3,1,4,0,0,Matches
479,Nicolas,br BRA,DF,Ceará,28-239,1997,6.4,14,7,2,11,1,4,7,57.1,3,4,0,4,8,22,13,0,Matches
480,Saúl Ñíguez,es ESP,MF,Flamengo,30-334,1994,7.6,16,11,10,6,0,8,18,44.4,10,13,2,11,13,29,12,0,Matches
481,Nonato,br BRA,MF,Fluminense,27-232,1998,5.7,14,10,4,7,3,9,13,69.2,4,9,2,7,5,19,4,0,Matches
482,Erick Noriega,pe PER,"DF,MF",Grêmio,23-364,2001,8.4,10,6,7,2,1,4,7,57.1,3,15,13,2,7,17,50,0,Matches
483,Lucas Oliveira,br BRA,DF,Vasco da Gama,29-261,1996,1.9,3,3,3,0,0,0,2,0.0,2,3,2,1,9,12,18,0,Matches
484,Sérgio Oliveira,pt POR,MF,Sport Recife,33-141,1992,7.7,15,10,4,9,2,8,17,47.1,9,6,0,6,5,20,7,1,Matches
485,Cauly Oliveira Souza,br BRA,"FW,MF",Bahia,30-036,1995,8.6,5,1,0,4,1,0,4,0.0,4,4,0,4,4,9,2,0,Matches
486,Cristian Olivera,uy URU,"FW,MF",Grêmio,23-187,2002,13.9,27,22,13,6,8,16,27,59.3,11,11,2,9,3,30,12,0,Matches
487,Christian Ortiz,ar ARG,MF,Sport Recife,33-062,1992,2.0,3,2,2,1,0,2,4,50.0,2,2,0,2,2,5,0,0,Matches
488,Leo Ortiz,br BRA,DF,Flamengo,29-291,1996,24.5,31,18,18,12,1,10,13,76.9,3,18,16,2,16,47,107,4,Matches
489,Oscar,br BRA,"FW,MF",São Paulo,34-042,1991,3.8,2,2,1,1,0,0,2,0.0,2,11,1,10,8,10,8,1,Matches
490,Osvaldo,br BRA,"FW,MF",Vitória,38-193,1987,10.4,9,5,5,4,0,4,12,33.3,8,7,0,7,7,16,9,0,Matches
491,Otávio,br BRA,MF,Fluminense,31-170,1994,2.2,5,2,2,3,0,0,2,0.0,2,1,0,1,4,9,6,0,Matches
492,Luis Otávio,br BRA,MF,Internacional,18-192,2007,4.7,18,12,9,8,1,8,13,61.5,5,5,0,5,8,26,9,0,Matches
493,João Othavio Basso,br BRA,DF,Santos,28-281,1997,5.8,7,4,7,0,0,3,5,60.0,2,5,4,1,5,12,25,0,Matches
494,Pablo,br BRA,FW,Sport Recife,33-120,1992,7.3,6,5,2,3,1,2,7,28.6,5,5,1,4,4,10,6,0,Matches
495,Ruan Pablo,br BRA,"FW,MF",Bahia,17-090,2008,0.3,2,1,0,1,1,1,1,100.0,0,1,0,1,0,2,0,0,Matches
496,Bruno Pacheco,br BRA,DF,Fortaleza,33-317,1991,9.0,19,13,10,6,3,12,18,66.7,6,9,2,7,8,27,18,0,Matches
497,Gonçalo Paciência,pt POR,FW,Sport Recife,31-081,1994,1.4,0,0,0,0,0,0,0,,0,2,0,2,0,0,2,0,Matches
498,Brahian Palacios,co COL,MF,Atlético Mineiro,22-331,2002,0.1,0,0,0,0,0,0,0,,0,0,0,0,0,0,0,0,Matches
499,Sergio Palacios,co COL,DF,RB Bragantino,20-249,2005,0.8,1,0,1,0,0,0,1,0.0,1,0,0,0,0,1,3,0,Matches
500,Kaio Pantaleão,br BRA,DF,Botafogo (RJ),30-043,1995,10.4,10,8,4,5,1,3,9,33.3,6,8,3,5,15,25,56,1,Matches
Rk,Player,Nation,Pos,Squad,Age,Born,90s,Tkl,TklW,Def 3rd,Mid 3rd,Att 3rd,Tkl,Att,Tkl%,Lost,Blocks,Sh,Pass,Int,Tkl+Int,Clr,Err,Matches
501,Alan Patrick,br BRA,"MF,FW",Internacional,34-161,1991,19.4,18,12,3,11,4,16,31,51.6,15,13,2,11,3,21,10,1,Matches
502,Patryck,br BRA,DF,São Paulo,22-276,2003,2.9,2,2,0,1,1,2,4,50.0,2,2,0,2,2,4,4,0,Matches
503,Patrick de Paula,br BRA,MF,Botafogo (RJ),26-043,1999,3.2,6,3,1,4,1,3,8,37.5,5,3,3,0,3,9,2,0,Matches
504,Paulinho,br BRA,"MF,FW",Vasco da Gama,28-286,1997,2.4,6,3,3,3,0,3,9,33.3,6,7,1,6,2,8,3,1,Matches
505,Paulinho,br BRA,"MF,FW",Palmeiras,25-098,2000,2.5,1,1,1,0,0,0,1,0.0,1,3,1,2,0,1,0,0,Matches
506,Caio Paulista,br BRA,"DF,MF",Atlético Mineiro,27-163,1998,7.7,15,7,9,3,3,9,11,81.8,2,9,3,6,8,23,19,0,Matches
507,Marcos Paulo,br BRA,DF,Juventude,22-276,2003,10.2,13,11,7,4,2,10,12,83.3,2,17,12,5,6,19,66,1,Matches
508,Cristian Pavón,ar ARG,"FW,MF",Grêmio,29-273,1996,11.3,18,13,13,2,3,13,29,44.8,16,13,3,10,14,32,20,2,Matches
509,Dimitri Payet,fr FRA,MF,Vasco da Gama,38-206,1987,2.1,3,3,0,2,1,1,3,33.3,2,0,0,0,2,5,0,0,Matches
510,Pedro,br BRA,FW,Flamengo,28-123,1997,11.6,9,6,3,3,3,4,10,40.0,6,9,1,8,6,15,7,0,Matches
511,João Pedro Chermont,br BRA,DF,Santos,19-276,2006,2.8,10,8,5,5,0,7,7,100.0,0,1,0,1,3,13,12,0,Matches
512,João Pedro,br BRA,DF,Corinthians,21-294,2003,6.8,14,7,11,3,0,8,11,72.7,3,14,11,3,6,20,34,0,Matches
513,João Pedro,br BRA,DF,Grêmio,28-340,1996,5.0,8,6,3,4,1,4,5,80.0,1,4,2,2,1,9,15,0,Matches
514,João Pedro Pepê,br BRA,MF,Vitória,27-288,1998,6.8,22,14,6,12,4,11,15,73.3,4,8,3,5,9,31,11,0,Matches
515,Peixoto,br BRA,"MF,DF",Juventude,28-113,1997,2.5,6,5,2,4,0,2,4,50.0,2,5,1,4,0,6,5,1,Matches
516,Andreas Pereira,br BRA,"MF,FW",Palmeiras,29-293,1996,5.9,5,2,1,3,1,2,8,25.0,6,3,1,2,2,7,2,0,Matches
517,Léo Pereira,br BRA,DF,Flamengo,29-263,1996,24.0,20,12,15,4,1,12,25,48.0,13,25,14,11,18,38,95,1,Matches
518,Matheus Pereira,br BRA,"MF,FW",Cruzeiro,29-169,1996,24.1,32,26,9,18,5,15,38,39.5,23,14,2,12,10,42,7,0,Matches
519,Luan Peres Petroni,br BRA,DF,Santos,31-094,1994,19.0,22,13,15,6,1,7,12,58.3,5,23,17,6,15,37,117,1,Matches
520,Pernambuco,br BRA,"FW,MF",Juventude,27-176,1998,0.6,3,2,1,1,1,0,1,0.0,1,2,1,1,0,3,0,0,Matches
521,Petterson,br BRA,MF,Juventude,21-290,2004,0.9,0,0,0,0,0,0,1,0.0,1,3,0,3,1,1,1,0,Matches
522,Pierre,br BRA,MF,Fortaleza,23-223,2002,1.1,1,1,0,1,0,0,2,0.0,2,4,0,4,1,2,3,1,Matches
523,Yago Pikachu,br BRA,"FW,MF",Fortaleza,33-138,1992,13.7,15,6,7,5,3,9,12,75.0,3,7,2,5,2,17,14,0,Matches
524,Joaquín Piquerez,uy URU,DF,Palmeiras,27-058,1998,23.8,44,24,14,22,8,28,48,58.3,20,24,6,18,21,65,44,2,Matches
525,Rafael Pires,br BRA,GK,São Paulo,36-120,1989,27.0,1,1,1,0,0,1,3,33.3,2,1,0,1,0,1,12,2,Matches
Rk,Player,Nation,Pos,Squad,Age,Born,90s,Tkl,TklW,Def 3rd,Mid 3rd,Att 3rd,Tkl,Att,Tkl%,Lost,Blocks,Sh,Pass,Int,Tkl+Int,Clr,Err,Matches
526,Lucas Piton,br BRA,DF,Vasco da Gama,25-012,2000,21.3,21,18,8,11,2,11,20,55.0,9,7,0,7,23,44,61,0,Matches
527,Isidro Pitta,py PAR,FW,RB Bragantino,26-068,1999,7.7,0,0,0,0,0,0,2,0.0,2,4,1,3,0,0,7,0,Matches
528,Diego Pituca,br BRA,MF,Santos,33-067,1992,4.4,8,4,5,3,0,3,9,33.3,6,6,3,3,3,11,7,0,Matches
529,Gonzalo Plata,ec ECU,"FW,MF",Flamengo,24-354,2000,11.8,21,17,12,4,5,6,17,35.3,11,11,0,11,2,23,7,0,Matches
530,Tomas Pochettino,ar ARG,"MF,FW",Fortaleza,29-262,1996,10.6,27,18,10,11,6,13,30,43.3,17,16,1,15,11,38,11,0,Matches
531,Mateo Ponte,uy URU,DF,Botafogo (RJ),22-150,2003,5.9,10,7,3,5,2,2,8,25.0,6,3,0,3,8,18,10,0,Matches
532,Gustavo Prado,br BRA,"MF,FW",Internacional,20-137,2005,4.8,8,5,1,6,1,1,8,12.5,7,9,1,8,0,8,3,0,Matches
533,Kauã Prates,br BRA,DF,Cruzeiro,17-070,2008,2.6,11,7,6,3,2,7,10,70.0,3,2,2,0,0,11,18,0,Matches
534,Bruno Praxedes,br BRA,"MF,FW",RB Bragantino,23-255,2002,3.6,4,3,0,3,1,2,6,33.3,4,7,1,6,3,7,1,0,Matches
535,Lucca Prior,br BRA,"MF,FW",Fortaleza,21-251,2004,7.3,11,6,7,3,1,4,13,30.8,9,9,2,7,3,14,6,0,Matches
536,Erick Pulga,br BRA,"FW,MF",Bahia,25-019,2000,12.4,26,16,12,9,5,3,14,21.4,11,5,0,5,14,40,16,0,Matches
537,Erick Pulgar,cl CHI,MF,Flamengo,31-279,1994,8.2,13,10,2,7,4,6,13,46.2,7,4,3,1,16,29,13,1,Matches
538,Du Queiroz,br BRA,MF,Sport Recife,25-275,2000,6.8,8,6,1,3,4,2,7,28.6,5,11,1,10,5,13,4,0,Matches
539,Igor Rabello,br BRA,DF,Atlético Mineiro,30-176,1995,2.1,3,2,3,0,0,3,4,75.0,1,5,2,3,2,5,14,0,Matches
540,Igor Rabello,br BRA,DF,Fluminense,30-176,1995,1.5,2,1,2,0,0,2,2,100.0,0,1,0,1,2,4,4,0,Matches
541,Zé Rafael,br BRA,MF,Santos,32-127,1993,15.0,50,33,19,25,6,20,32,62.5,12,19,5,14,8,58,19,0,Matches
542,André Ramalho,br BRA,DF,Corinthians,33-247,1992,17.9,25,12,15,10,0,16,22,72.7,6,17,12,5,15,40,85,1,Matches
543,Eric Ramires,br BRA,MF,RB Bragantino,25-072,2000,19.2,30,18,18,9,3,15,34,44.1,19,16,5,11,13,43,30,1,Matches
544,Ramon,br BRA,DF,Vitória,24-222,2001,10.0,20,14,11,7,2,13,24,54.2,11,18,5,13,12,32,39,0,Matches
545,Ramon,br BRA,DF,Internacional,24-222,2001,3.7,5,4,0,5,0,2,3,66.7,1,5,2,3,5,10,11,1,Matches
546,Lucas Ramon,br BRA,DF,Mirassol,31-228,1994,22.4,53,37,28,18,7,26,60,43.3,34,21,6,15,42,95,108,1,Matches
547,Chris Ramos,es ESP,FW,Botafogo (RJ),28-278,1997,5.3,7,5,1,5,1,0,3,0.0,3,1,0,1,2,9,6,0,Matches
548,Santi Ramos Mingo,ar ARG,DF,Bahia,23-334,2001,24.6,23,15,13,9,1,13,19,68.4,6,36,26,10,19,42,119,2,Matches
549,Rafael Ramos,pt POR,DF,Ceará,30-285,1995,6.8,27,16,18,7,2,19,26,73.1,7,11,4,7,8,35,30,0,Matches
550,Raniele,br BRA,"MF,DF",Corinthians,28-294,1996,18.9,43,32,16,21,6,18,31,58.1,13,28,14,14,26,69,50,5,Matches
Rk,Player,Nation,Pos,Squad,Age,Born,90s,Tkl,TklW,Def 3rd,Mid 3rd,Att 3rd,Tkl,Att,Tkl%,Lost,Blocks,Sh,Pass,Int,Tkl+Int,Clr,Err,Matches
551,Wellington Rato,br BRA,"FW,MF",Vitória,33-115,1992,2.4,1,1,0,1,0,1,2,50.0,1,4,0,4,1,2,1,0,Matches
552,Pedro Raul,br BRA,FW,Ceará,28-350,1996,24.9,11,5,1,10,0,3,8,37.5,5,11,3,8,4,15,22,0,Matches
553,Raykkonen,br BRA,FW,Internacional,17-100,2008,1.1,1,1,0,0,1,0,0,,0,0,0,0,0,1,2,0,Matches
554,Reginaldo,br BRA,DF,Juventude,32-241,1993,12.2,10,7,5,5,0,4,8,50.0,4,9,4,5,10,20,38,0,Matches
555,Reinaldo,br BRA,DF,Mirassol,36-023,1989,27.0,38,28,17,13,8,19,41,46.3,22,23,3,20,14,52,96,2,Matches
556,Reinier,br BRA,"MF,FW",Atlético Mineiro,23-275,2002,3.1,9,3,4,4,1,4,6,66.7,2,3,0,3,1,10,2,0,Matches
557,Robert Renan,br BRA,DF,Vasco da Gama,22-010,2003,6.4,5,4,3,2,0,3,4,75.0,1,7,6,1,12,17,36,0,Matches
558,Cristian Renato,br BRA,FW,Mirassol,25-245,2000,12.5,8,4,1,6,1,2,7,28.6,5,9,3,6,3,11,8,1,Matches
559,Renê,br BRA,DF,Fluminense,33-037,1992,17.7,38,25,27,9,2,17,33,51.5,16,24,4,20,25,63,57,1,Matches
560,Rezende,br BRA,"MF,DF",Bahia,30-292,1995,6.0,11,7,6,4,1,5,9,55.6,4,2,0,2,7,18,22,1,Matches
561,Murilo Rhikman,br BRA,MF,Cruzeiro,19-222,2006,0.0,0,0,0,0,0,0,0,,0,0,0,0,0,0,0,0,Matches
562,Everton Ribeiro,br BRA,MF,Bahia,36-194,1989,17.7,36,15,15,16,5,13,40,32.5,27,11,2,9,10,46,15,0,Matches
563,Ricardo,br BRA,MF,Vitória,31-236,1994,9.4,16,10,7,5,4,8,12,66.7,4,16,10,6,9,25,20,1,Matches
564,João Ricardo Riedi,br BRA,GK,Fortaleza,37-045,1988,14.0,0,0,0,0,0,0,0,,0,0,0,0,0,0,8,0,Matches
565,Richard,br BRA,MF,Internacional,31-245,1994,2.7,3,2,1,2,0,1,2,50.0,1,5,1,4,5,8,5,0,Matches
566,Richardson,br BRA,MF,Ceará,34-065,1991,7.2,13,8,6,7,0,6,13,46.2,7,7,5,2,4,17,8,0,Matches
567,Charles Rigon Matos,br BRA,"MF,DF",Corinthians,29-124,1996,4.9,17,11,9,6,2,7,14,50.0,7,3,1,2,4,21,15,0,Matches
568,Emiliano Rigoni,ar ARG,FW,São Paulo,32-259,1993,1.4,0,0,0,0,0,0,0,,0,1,0,1,0,0,1,0,Matches
569,Tomás Rincón,ve VEN,MF,Santos,37-281,1988,10.1,20,11,6,13,1,7,17,41.2,10,12,5,7,12,32,15,2,Matches
570,Richard Ríos,co COL,MF,Palmeiras,25-141,2000,8.1,14,7,6,5,3,7,19,36.8,12,17,2,15,8,22,6,0,Matches
571,Riquelme,br BRA,"MF,FW",Fluminense,18-222,2007,0.9,7,4,1,3,3,5,7,71.4,2,2,1,1,1,8,0,0,Matches
572,Christian Rivera,co COL,MF,Sport Recife,29-280,1996,22.8,62,40,23,36,3,27,55,49.1,28,18,3,15,21,83,27,6,Matches
573,Pablo Roberto,br BRA,MF,Fortaleza,25-341,1999,0.8,3,2,1,2,0,1,3,33.3,2,0,0,0,0,3,0,0,Matches
574,Paulo Roberto,br BRA,DF,Vitória,19-342,2005,0.6,3,2,3,0,0,1,3,33.3,2,0,0,0,1,4,4,0,Matches
575,Marcos Rocha,br BRA,DF,Palmeiras,36-314,1988,1.0,0,0,0,0,0,0,3,0.0,3,1,0,1,2,2,3,0,Matches
Rk,Player,Nation,Pos,Squad,Age,Born,90s,Tkl,TklW,Def 3rd,Mid 3rd,Att 3rd,Tkl,Att,Tkl%,Lost,Blocks,Sh,Pass,Int,Tkl+Int,Clr,Err,Matches
576,Marcos Rocha,br BRA,DF,Grêmio,36-314,1988,6.0,23,20,15,3,5,11,17,64.7,6,11,5,6,10,33,22,0,Matches
577,Sergio Rochet,uy URU,GK,Internacional,32-212,1993,10.5,0,0,0,0,0,0,0,,0,0,0,0,0,0,1,1,Matches
578,Rodrigo,br BRA,MF,São Paulo,21-219,2004,8.0,15,10,2,9,4,6,17,35.3,11,10,2,8,4,19,6,0,Matches
579,Ruben Rodrigues,pt POR,MF,Vitória,29-080,1996,0.3,2,2,0,2,0,1,2,50.0,1,0,0,0,0,2,1,0,Matches
580,Alan Rodríguez,uy URU,MF,Internacional,25-269,2000,6.2,17,9,4,8,5,7,12,58.3,5,7,3,4,7,24,4,0,Matches
581,Guzmán Rodríguez,uy URU,DF,RB Bragantino,25-255,2000,22.8,22,15,15,7,0,15,25,60.0,10,32,23,9,13,35,135,0,Matches
582,Luciano Rodríguez,uy URU,FW,Bahia,22-097,2003,8.8,7,5,5,2,0,0,4,0.0,4,6,1,5,1,8,8,1,Matches
583,Santiago Rodríguez,uy URU,"FW,MF",Botafogo (RJ),25-286,2000,10.8,22,17,9,12,1,10,26,38.5,16,14,1,13,12,34,8,0,Matches
584,Rodriguinho,br BRA,FW,Cruzeiro,22-138,2003,0.2,0,0,0,0,0,0,1,0.0,1,0,0,0,0,0,0,0,Matches
585,Rodriguinho,br BRA,"FW,MF",Ceará,22-138,2003,0.2,0,0,0,0,0,0,0,,0,0,0,0,0,0,1,0,Matches
586,Agustín Rogel,uy URU,DF,Internacional,28-004,1997,5.0,9,6,6,3,0,5,9,55.6,4,5,4,1,1,10,27,0,Matches
587,Benjamín Rollheiser,ar ARG,"MF,FW",Santos,25-211,2000,21.0,19,13,6,9,4,8,30,26.7,22,15,0,15,3,22,9,0,Matches
588,Iván Román,cl CHI,DF,Atlético Mineiro,19-101,2006,5.6,8,6,4,3,1,6,14,42.9,8,3,1,2,8,16,27,0,Matches
589,Romarinho,br BRA,"MF,FW",Vitória,34-313,1990,1.4,1,0,0,0,1,0,1,0.0,1,1,0,1,1,2,1,0,Matches
590,Romarinho,br BRA,"FW,MF",Sport Recife,31-234,1994,5.3,3,2,1,2,0,2,3,66.7,1,3,0,3,2,5,2,1,Matches
591,Ángel Romero,py PAR,"FW,MF",Corinthians,33-109,1992,10.7,18,11,6,10,2,8,16,50.0,8,5,0,5,7,25,7,0,Matches
592,Lucas Romero,ar ARG,MF,Cruzeiro,31-186,1994,24.5,51,27,22,25,4,25,47,53.2,22,28,8,20,28,79,33,1,Matches
593,Óscar Romero,py PAR,"MF,FW",Internacional,33-109,1992,5.4,13,8,2,8,3,6,8,75.0,2,1,1,0,4,17,4,0,Matches
594,Romulo,br BRA,"MF,FW",Ceará,24-014,2001,1.5,2,2,0,1,1,0,2,0.0,2,2,0,2,0,2,3,0,Matches
595,Rômulo,br BRA,"DF,MF",Atlético Mineiro,21-263,2004,2.3,5,4,4,1,0,1,2,50.0,1,1,1,0,6,11,14,1,Matches
596,Ronald,br BRA,MF,Vitória,28-125,1997,18.3,37,26,15,15,7,19,34,55.9,15,18,5,13,12,49,10,0,Matches
597,Ronald,br BRA,"DF,MF",Grêmio,22-252,2003,2.6,7,5,4,3,0,6,13,46.2,7,5,1,4,1,8,11,0,Matches
598,Ronaldo,br BRA,GK,Bahia,29-060,1996,17.2,0,0,0,0,0,0,1,0.0,1,0,0,0,0,0,16,2,Matches
599,Ronaldo,br BRA,MF,Internacional,28-363,1996,8.4,31,24,14,15,2,14,22,63.6,8,10,2,8,14,45,15,1,Matches
600,Budiga Roni,br BRA,MF,Mirassol,26-189,1999,1.4,3,1,1,2,0,1,2,50.0,1,1,1,0,4,7,3,0,Matches
Rk,Player,Nation,Pos,Squad,Age,Born,90s,Tkl,TklW,Def 3rd,Mid 3rd,Att 3rd,Tkl,Att,Tkl%,Lost,Blocks,Sh,Pass,Int,Tkl+Int,Clr,Err,Matches
601,Rony,br BRA,"FW,MF",Atlético Mineiro,30-163,1995,21.7,21,13,4,8,9,5,12,41.7,7,17,4,13,11,32,16,0,Matches
602,Vitor Roque,br BRA,FW,Palmeiras,20-235,2005,18.4,11,10,2,3,6,2,7,28.6,5,14,1,13,4,15,4,0,Matches
603,Diego Rosa,br BRA,"MF,DF",Internacional,23-009,2002,2.2,7,3,2,3,2,3,7,42.9,4,1,0,1,3,10,4,0,Matches
604,Matheus Rossetto,br BRA,MF,Fortaleza,29-140,1996,8.8,12,5,4,7,1,7,12,58.3,5,9,4,5,0,12,16,0,Matches
605,Agustín Rossi,ar ARG,GK,Flamengo,30-061,1995,28.0,0,0,0,0,0,0,1,0.0,1,0,0,0,0,0,10,4,Matches
606,Ruan,br BRA,DF,Atlético Mineiro,26-136,1999,2.8,3,3,2,1,0,0,5,0.0,5,6,6,0,4,7,15,0,Matches
607,Ruan,br BRA,DF,São Paulo,26-136,1999,4.0,4,4,4,0,0,3,3,100.0,0,6,5,1,7,11,41,1,Matches
608,Rubens,br BRA,"MF,DF",Atlético Mineiro,24-122,2001,11.5,38,30,17,16,5,13,20,65.0,7,19,6,13,29,67,41,1,Matches
609,Alan Ruschel,br BRA,DF,Juventude,36-059,1989,11.6,23,7,12,11,0,11,19,57.9,8,8,4,4,13,36,22,0,Matches
610,Rwan,br BRA,FW,Botafogo (RJ),24-154,2001,2.0,4,2,1,2,1,1,2,50.0,1,2,0,2,1,5,0,0,Matches
611,José Sabino,br BRA,DF,São Paulo,28-361,1996,17.5,22,15,17,4,1,10,17,58.8,7,14,12,2,39,61,116,1,Matches
612,Rodrigo Sam,br BRA,DF,Juventude,30-089,1995,8.2,16,11,13,3,0,7,12,58.3,5,2,2,0,10,26,60,0,Matches
613,Mateo Sanabria,ar ARG,"FW,MF",Bahia,21-204,2004,5.5,4,3,2,1,1,2,9,22.2,7,5,0,5,1,5,3,0,Matches
614,Alex Sandro,br BRA,DF,Flamengo,34-268,1991,14.2,12,6,3,6,3,3,7,42.9,4,16,7,9,17,29,46,1,Matches
615,Agustín Sant'Anna,uy URU,DF,RB Bragantino,28-024,1997,4.1,11,7,4,4,3,7,15,46.7,8,7,3,4,9,20,16,1,Matches
616,Alex Santana,br BRA,MF,Corinthians,30-161,1995,1.2,0,0,0,0,0,0,1,0.0,1,0,0,0,0,0,1,0,Matches
617,Alex Santana,br BRA,MF,Grêmio,30-161,1995,4.3,4,3,2,2,0,3,6,50.0,3,2,1,1,5,9,8,0,Matches
618,Ademir Santos,br BRA,FW,Bahia,30-247,1995,14.1,27,18,8,8,11,14,37,37.8,23,13,0,13,3,30,10,0,Matches
619,Eduardo Santos,br BRA,DF,RB Bragantino,27-327,1997,3.3,7,5,5,2,0,2,2,100.0,0,9,6,3,6,13,23,0,Matches
620,Júnior Santos,br BRA,"FW,MF",Atlético Mineiro,31-010,1994,4.0,5,4,2,2,1,2,4,50.0,2,2,0,2,0,5,3,1,Matches
621,Rodrigo Santos,br BRA,MF,Fortaleza,25-033,2000,2.2,7,5,5,1,1,3,6,50.0,3,3,0,3,1,8,7,0,Matches
622,Renzo Saravia,ar ARG,DF,Atlético Mineiro,32-127,1993,5.1,16,13,8,6,2,6,13,46.2,7,4,0,4,5,21,21,1,Matches
623,Eduardo Sasha,br BRA,"FW,MF",RB Bragantino,33-239,1992,18.3,13,8,0,7,6,4,11,36.4,7,6,1,5,4,17,19,0,Matches
624,Lucas Sasha,br BRA,MF,Fortaleza,35-234,1990,20.5,80,50,41,37,2,35,74,47.3,39,29,3,26,44,124,34,0,Matches
625,Jefferson Savarino,ve VEN,MF,Botafogo (RJ),28-344,1996,17.4,7,4,3,3,1,1,5,20.0,4,3,0,3,2,9,7,0,Matches
Rk,Player,Nation,Pos,Squad,Age,Born,90s,Tkl,TklW,Def 3rd,Mid 3rd,Att 3rd,Tkl,Att,Tkl%,Lost,Blocks,Sh,Pass,Int,Tkl+Int,Clr,Err,Matches
626,Gustavo Scarpa,br BRA,"MF,FW",Atlético Mineiro,31-289,1994,22.0,13,9,3,6,4,8,19,42.1,11,17,4,13,11,24,23,2,Matches
627,João Schmidt,br BRA,MF,Santos,32-155,1993,16.4,33,17,9,19,5,13,30,43.3,17,28,8,20,19,52,46,0,Matches
628,Davi Schuindt,br BRA,DF,Fluminense,21-178,2004,2.0,2,2,2,0,0,0,0,,0,3,2,1,2,4,13,0,Matches
629,Cleiton Schwengber,br BRA,GK,RB Bragantino,28-063,1997,25.0,0,0,0,0,0,0,1,0.0,1,0,0,0,0,0,10,1,Matches
630,Kevin Serna,co COL,"FW,MF",Fluminense,27-308,1997,14.9,26,19,8,16,2,14,26,53.8,12,10,1,9,7,33,9,0,Matches
631,Igor Serrote,br BRA,DF,Grêmio,20-234,2005,5.7,24,17,15,8,1,19,26,73.1,7,9,5,4,14,38,31,0,Matches
632,Juan Sforza,ar ARG,MF,Vasco da Gama,23-249,2002,0.8,1,1,1,0,0,1,2,50.0,1,0,0,0,1,2,1,0,Matches
633,Juan Sforza,ar ARG,MF,Juventude,23-249,2002,2.5,8,3,2,3,3,4,6,66.7,2,3,2,1,2,10,2,0,Matches
634,Shaylon,br BRA,MF,Mirassol,28-177,1997,2.1,7,3,2,2,3,3,6,50.0,3,1,0,1,1,8,6,0,Matches
635,Aderlan Silva,br BRA,DF,Santos,35-064,1990,1.0,1,0,0,1,0,1,1,100.0,0,2,0,2,1,2,1,0,Matches
636,Aderlan Silva,br BRA,DF,Sport Recife,35-064,1990,6.2,12,7,5,5,2,7,16,43.8,9,10,5,5,9,21,16,0,Matches
637,André Silva,br BRA,FW,São Paulo,28-140,1997,15.1,12,5,2,4,6,1,4,25.0,3,12,3,9,10,22,15,0,Matches
638,João Silva,pt POR,DF,Sport Recife,26-280,1999,10.3,9,6,7,1,1,2,8,25.0,6,11,8,3,8,17,44,0,Matches
639,Luan Silva,br BRA,MF,São Paulo,26-221,1999,1.9,1,1,0,1,0,0,2,0.0,2,5,0,5,3,4,4,0,Matches
640,Lucas Silva,br BRA,MF,Cruzeiro,32-247,1993,24.0,44,26,16,22,6,22,40,55.0,18,15,4,11,10,54,32,0,Matches
641,Matheus Pereira da Silva,br BRA,MF,Fortaleza,27-238,1998,11.7,16,5,4,11,1,9,23,39.1,14,15,6,9,17,33,9,2,Matches
642,Patrick Silva,br BRA,MF,Atlético Mineiro,21-216,2004,2.5,5,2,4,0,1,3,5,60.0,2,0,0,0,6,11,5,0,Matches
643,Thiago Silva,br BRA,DF,Fluminense,41-029,1984,17.3,7,4,5,2,0,2,3,66.7,1,15,12,3,14,21,105,2,Matches
644,Vinicius Silvestre,br BRA,GK,Fortaleza,31-207,1994,2.0,0,0,0,0,0,0,1,0.0,1,0,0,0,0,0,1,1,Matches
645,Luis Sinisterra,co COL,FW,Cruzeiro,26-126,1999,0.8,1,1,1,0,0,1,1,100.0,0,3,0,3,0,1,1,0,Matches
646,Cédric Soares,pt POR,"DF,FW",São Paulo,34-051,1991,18.3,34,22,22,9,3,18,30,60.0,12,16,7,9,10,44,44,2,Matches
647,Everton Soares,br BRA,"FW,MF",Flamengo,29-213,1996,7.5,10,7,5,3,2,6,13,46.2,7,4,0,4,3,13,2,0,Matches
648,Tiquinho Soares,br BRA,FW,Santos,34-277,1991,12.6,10,8,0,7,3,4,7,57.1,3,5,0,5,2,12,10,0,Matches
649,Fernando Sobral,br BRA,MF,Ceará,30-308,1994,14.1,37,24,19,14,4,13,36,36.1,23,25,3,22,9,46,23,0,Matches
650,Ramón Sosa,py PAR,"FW,MF",Palmeiras,26-051,1999,4.9,5,1,2,2,1,3,9,33.3,6,1,0,1,1,6,7,0,Matches
Rk,Player,Nation,Pos,Squad,Age,Born,90s,Tkl,TklW,Def 3rd,Mid 3rd,Att 3rd,Tkl,Att,Tkl%,Lost,Blocks,Sh,Pass,Int,Tkl+Int,Clr,Err,Matches
651,Yeferson Soteldo,ve VEN,"FW,MF",Santos,28-113,1997,3.6,2,1,0,1,1,1,2,50.0,1,1,0,1,2,4,2,0,Matches
652,Yeferson Soteldo,ve VEN,"FW,MF",Fluminense,28-113,1997,3.9,2,1,1,0,1,1,5,20.0,4,1,0,1,0,2,2,0,Matches
653,Souza,br BRA,DF,Santos,19-127,2006,10.2,28,22,19,7,2,17,23,73.9,6,10,6,4,11,39,46,0,Matches
654,Fabiano Souza,br BRA,DF,Ceará,25-221,2000,23.4,31,25,10,18,3,18,26,69.2,8,22,4,18,23,54,82,1,Matches
655,Gabriel Souza,br BRA,"FW,MF",Vasco da Gama,20-289,2005,0.8,3,2,1,2,0,2,5,40.0,3,2,1,1,1,4,0,0,Matches
656,Hugo Souza,br BRA,GK,Corinthians,26-263,1999,23.0,0,0,0,0,0,0,0,,0,0,0,0,0,0,8,3,Matches
657,Igor Vinícius de Souza,br BRA,DF,São Paulo,28-203,1997,1.8,2,1,0,2,0,0,1,0.0,1,1,0,1,1,3,0,0,Matches
658,Igor Vinícius de Souza,br BRA,DF,Santos,28-203,1997,6.8,24,17,17,7,0,15,20,75.0,5,9,1,8,8,32,16,0,Matches
659,Everaldo Stum,br BRA,FW,Fluminense,34-108,1991,9.1,6,3,0,5,1,3,5,60.0,2,1,0,1,0,6,7,0,Matches
660,Bruno Tabata,br BRA,"FW,MF",Internacional,28-205,1997,10.1,16,11,6,8,2,6,18,33.3,12,6,0,6,8,24,13,0,Matches
661,Gabriel Taliari,br BRA,FW,Juventude,28-191,1997,17.7,24,14,9,9,6,11,24,45.8,13,16,5,11,5,29,10,0,Matches
662,Gonzalo Tapia,cl CHI,FW,São Paulo,23-245,2002,6.2,3,3,0,1,2,0,4,0.0,4,1,0,1,5,8,6,0,Matches
663,Tchê Tchê,br BRA,MF,Vasco da Gama,33-052,1992,17.7,14,6,2,8,4,9,16,56.3,7,7,2,5,11,25,12,0,Matches
664,Alex Teixeira,br BRA,"MF,FW",Vasco da Gama,35-288,1990,1.3,3,1,1,2,0,0,1,0.0,1,2,1,1,0,3,4,1,Matches
665,Alex Telles,br BRA,DF,Botafogo (RJ),32-310,1992,13.8,12,10,6,6,0,6,13,46.2,7,8,4,4,14,26,30,0,Matches
666,Thaciano,br BRA,"FW,MF",Santos,30-162,1995,4.4,8,6,0,4,4,3,6,50.0,3,3,1,2,3,11,5,0,Matches
667,Thalys,br BRA,"MF,FW",Palmeiras,20-241,2005,1.0,1,1,1,0,0,0,0,,0,0,0,0,1,2,1,0,Matches
668,Rafael Thyere,br BRA,DF,Sport Recife,32-157,1993,15.5,16,11,8,8,0,6,13,46.2,7,20,18,2,19,35,90,0,Matches
669,Tiago,br BRA,"FW,MF",Bahia,20-196,2005,6.0,9,7,3,3,3,1,3,33.3,2,4,1,3,0,9,9,0,Matches
670,Guilherme Tinga,br BRA,DF,Fortaleza,32-050,1993,8.2,12,5,10,2,0,9,18,50.0,9,11,7,4,9,21,40,0,Matches
671,Titi,br BRA,DF,Fortaleza,37-223,1988,3.0,4,1,2,2,0,2,4,50.0,2,2,2,0,10,14,11,0,Matches
672,Rafael Tolói,it ITA,DF,São Paulo,35-011,1990,2.3,10,4,4,4,2,5,7,71.4,2,3,2,1,5,15,15,0,Matches
673,Félix Torres Caicedo,ec ECU,DF,Corinthians,28-283,1997,6.2,10,7,6,4,0,8,11,72.7,3,6,2,4,12,22,21,0,Matches
674,Facundo Torres,uy URU,"FW,MF",Palmeiras,25-191,2000,15.5,12,6,8,3,1,4,15,26.7,11,13,2,11,5,17,9,0,Matches
675,Bruno Tubarão,br BRA,"FW,DF",Ceará,30-230,1995,1.1,4,2,2,2,0,2,5,40.0,3,2,0,2,0,4,1,0,Matches
Rk,Player,Nation,Pos,Squad,Age,Born,90s,Tkl,TklW,Def 3rd,Mid 3rd,Att 3rd,Tkl,Att,Tkl%,Lost,Blocks,Sh,Pass,Int,Tkl+Int,Clr,Err,Matches
676,Enner Valencia,ec ECU,FW,Internacional,35-351,1989,7.0,5,4,1,4,0,1,4,25.0,3,2,2,0,1,6,5,0,Matches
677,Vanderlan,br BRA,DF,Palmeiras,23-044,2002,2.2,6,5,5,1,0,3,5,60.0,2,7,2,5,5,11,7,0,Matches
678,Vanderlan,br BRA,DF,RB Bragantino,23-044,2002,9.5,15,11,12,1,2,8,14,57.1,6,6,2,4,2,17,18,1,Matches
679,Guillermo Varela,uy URU,DF,Flamengo,32-211,1993,11.7,20,13,9,7,4,9,16,56.3,7,6,4,2,4,24,34,1,Matches
680,Pablo Vegetti,ar ARG,FW,Vasco da Gama,37-006,1988,21.9,14,8,5,5,4,8,22,36.4,14,13,1,12,4,18,34,1,Matches
681,Raphael Veiga,br BRA,MF,Palmeiras,30-124,1995,7.9,12,4,3,7,2,5,8,62.5,3,9,3,6,3,15,9,0,Matches
682,Fausto Vera,ar ARG,MF,Atlético Mineiro,25-209,2000,10.7,23,15,9,12,2,12,20,60.0,8,7,4,3,10,33,11,0,Matches
683,Gabriel Veron,br BRA,"FW,MF",Santos,23-048,2002,1.4,7,6,4,3,0,3,6,50.0,3,1,1,0,0,7,0,0,Matches
684,Gabriel Veron,br BRA,"FW,MF",Juventude,23-048,2002,6.6,6,4,2,1,3,1,6,16.7,5,5,0,5,3,9,2,0,Matches
685,João Victor,br BRA,DF,Mirassol,28-049,1997,25.0,19,12,9,9,1,10,14,71.4,4,42,33,9,24,43,143,0,Matches
686,João Victor,br BRA,FW,Ceará,21-177,2004,0.1,0,0,0,0,0,0,0,,0,1,0,1,0,0,0,0,Matches
687,João Victor,br BRA,DF,Vasco da Gama,27-096,1998,15.9,28,25,23,5,0,15,19,78.9,4,24,11,13,10,38,99,2,Matches
688,Marcos Victor,br BRA,DF,Ceará,23-299,2001,7.0,8,6,4,4,0,2,2,100.0,0,5,3,2,6,14,55,0,Matches
689,Viery,br BRA,DF,Grêmio,20-292,2005,0.3,0,0,0,0,0,0,0,,0,4,2,2,0,0,4,1,Matches
690,Lucas Villalba,ar ARG,DF,Cruzeiro,31-063,1994,24.8,25,16,13,11,1,12,19,63.2,7,33,24,9,34,59,149,1,Matches
691,Mathías Villasanti,py PAR,MF,Grêmio,28-270,1997,12.8,41,28,18,18,5,19,40,47.5,21,18,2,16,25,66,30,0,Matches
692,Matías Viña,uy URU,DF,Flamengo,27-346,1997,3.1,10,6,4,5,1,5,10,50.0,5,6,1,5,1,11,5,1,Matches
693,Vinícius,br BRA,MF,Ceará,34-189,1991,2.2,0,0,0,0,0,0,0,,0,2,0,2,0,0,1,0,Matches
694,Alix Vinicius,br BRA,DF,RB Bragantino,25-349,1999,1.7,2,1,0,2,0,0,0,,0,2,1,1,1,3,15,0,Matches
695,Carlos Vinícius,br BRA,FW,Grêmio,30-210,1995,4.1,0,0,0,0,0,0,2,0.0,2,1,1,0,0,0,4,0,Matches
696,Vitão,br BRA,DF,Internacional,25-261,2000,21.8,22,13,16,6,0,12,23,52.2,11,21,9,12,15,37,99,1,Matches
697,Vitinho,br BRA,"FW,MF",Internacional,26-203,1999,9.5,18,9,7,9,2,7,18,38.9,11,13,1,12,7,25,9,0,Matches
698,Vitinho,br BRA,"FW,MF",Corinthians,32-012,1993,3.4,8,7,4,1,3,4,6,66.7,2,6,1,5,2,10,0,0,Matches
699,Vitinho,br BRA,DF,Botafogo (RJ),26-090,1999,24.2,55,31,38,9,8,30,51,58.8,21,26,7,19,18,73,69,1,Matches
700,Rayan Vitor,br BRA,FW,Vasco da Gama,19-079,2006,24.6,29,15,9,14,6,12,20,60.0,8,14,1,13,12,41,40,0,Matches
Rk,Player,Nation,Pos,Squad,Age,Born,90s,Tkl,TklW,Def 3rd,Mid 3rd,Att 3rd,Tkl,Att,Tkl%,Lost,Blocks,Sh,Pass,Int,Tkl+Int,Clr,Err,Matches
701,Tiago Volpi,br BRA,GK,Grêmio,34-306,1990,24.0,0,0,0,0,0,0,1,0.0,1,0,0,0,0,0,8,1,Matches
702,Wagner,br BRA,DF,Grêmio,26-090,1999,21.3,20,9,14,5,1,8,15,53.3,7,19,17,2,25,45,135,1,Matches
703,Walace,br BRA,MF,Cruzeiro,30-200,1995,2.1,4,2,2,2,0,2,8,25.0,6,3,0,3,5,9,6,0,Matches
704,Wallace,br BRA,"FW,MF",Flamengo,20-255,2005,2.3,4,4,0,1,3,2,4,50.0,2,5,0,5,1,5,0,0,Matches
705,Walter,br BRA,GK,Mirassol,37-337,1987,22.0,0,0,0,0,0,0,0,,0,0,0,0,0,0,13,1,Matches
706,Wanderson,br BRA,"FW,MF",Cruzeiro,31-014,1994,19.8,11,8,5,5,1,8,22,36.4,14,17,3,14,6,17,19,0,Matches
707,Deivid Washington,br BRA,FW,Santos,20-138,2005,6.2,3,2,1,2,0,1,6,16.7,5,0,0,0,5,8,2,0,Matches
708,José Welison,br BRA,MF,Fortaleza,30-224,1995,4.9,16,8,9,5,2,8,12,66.7,4,10,3,7,5,21,10,2,Matches
709,Wendell,br BRA,MF,Vitória,20-051,2005,0.7,1,1,1,0,0,0,0,,0,1,0,1,3,4,2,2,Matches
710,Wendell,br BRA,DF,São Paulo,32-093,1993,9.3,20,15,8,9,3,10,13,76.9,3,8,1,7,10,30,34,0,Matches
711,Wesley,br BRA,DF,Flamengo,22-045,2003,10.9,29,20,15,11,3,13,24,54.2,11,10,1,9,12,41,16,1,Matches
712,Wesley,br BRA,"FW,MF",Internacional,26-205,1999,13.7,29,20,9,14,6,14,30,46.7,16,16,2,14,7,36,16,0,Matches
713,Weverson,br BRA,DF,Fortaleza,25-108,2000,2.2,3,2,2,1,0,3,4,75.0,1,3,0,3,1,4,6,0,Matches
714,Wéverton,br BRA,GK,Palmeiras,37-312,1987,26.0,1,1,1,0,0,1,2,50.0,1,0,0,0,0,1,8,2,Matches
715,William,br BRA,DF,Cruzeiro,30-201,1995,17.6,55,33,30,22,3,36,73,49.3,37,24,6,18,30,85,65,1,Matches
716,Willian,br BRA,MF,Vitória,32-158,1993,7.8,13,7,6,7,0,7,14,50.0,7,6,0,6,15,28,20,0,Matches
717,Willian,br BRA,FW,Grêmio,37-073,1988,1.7,0,0,0,0,0,0,2,0.0,2,2,1,1,0,0,0,0,Matches
718,Estêvão Willian,br BRA,"MF,FW",Palmeiras,18-180,2007,9.2,5,1,3,1,1,1,9,11.1,8,2,0,2,2,7,1,0,Matches
719,Mateus Xavier,br BRA,"FW,MF",Santos,18-114,2007,0.4,1,1,0,0,1,1,1,100.0,0,0,0,0,0,1,1,0,Matches
720,Samuel Xavier,br BRA,DF,Fluminense,35-137,1990,17.6,24,17,13,8,3,15,26,57.7,11,22,6,16,7,31,48,1,Matches
721,Yago,br BRA,"MF,FW",Mirassol,30-260,1995,6.2,18,7,8,9,1,5,13,38.5,8,12,4,8,5,23,5,1,Matches
722,Yago,br BRA,MF,Internacional,18-258,2007,0.8,1,1,0,1,0,0,0,,0,3,0,3,0,1,2,0,Matches
723,Young,br BRA,GK,São Paulo,23-228,2002,2.0,0,0,0,0,0,0,0,,0,0,0,0,0,0,1,1,Matches
724,Vinícius Zanocelo,br BRA,MF,Ceará,24-264,2001,2.8,4,2,1,2,1,3,7,42.9,4,3,1,2,4,8,5,0,Matches
725,Lukas Zuccarello,br BRA,FW,Vasco da Gama,18-323,2006,0.3,1,1,1,0,0,0,0,,0,2,0,2,0,1,0,0,Matches
Rk,Player,Nation,Pos,Squad,Age,Born,90s,Tkl,TklW,Def 3rd,Mid 3rd,Att 3rd,Tkl,Att,Tkl%,Lost,Blocks,Sh,Pass,Int,Tkl+Int,Clr,Err,Matches
