Rk,Player,Nation,Pos,Squad,Age,Born,MP,Starts,Min,90s,Gls,Ast,G+A,G-PK,PK,PKatt,CrdY,CrdR,Gls_90,Ast_90,G+A_90,G-PK_90,G+A-PK_90,Matches
1,Sabit Abdulai,gh GHA,MF,Botafogo (SP),26-183,1999,16,10,821,9.1,0,0,0,0,0,0,4,0,0.00,0.00,0.00,0.00,0.00,Matches
2,Adaílton,br BRA,"FW,MF",Remo,34-339,1990,16,9,778,8.6,1,1,2,1,0,0,0,0,0.12,0.12,0.23,0.12,0.23,Matches
3,Lucas Adell,br BRA,DF,Volta Redonda,25-118,2000,17,15,1298,14.4,0,0,0,0,0,0,3,0,0.00,0.00,0.00,0.00,0.00,Matches
4,Ademilson,br BRA,"FW,MF",Operário,31-305,1994,22,9,877,9.7,1,1,2,0,1,2,1,1,0.10,0.10,0.21,0.00,0.10,Matches
5,Adriel,br BRA,GK,Athletic,24-300,2001,28,28,2454,27.3,0,0,0,0,0,0,3,1,0.00,0.00,0.00,0.00,0.00,Matches
6,Adsson,br BRA,MF,Volta Redonda,25-170,2000,2,0,7,0.1,0,0,0,0,0,0,0,0,0.00,0.00,0.00,0.00,0.00,Matches
7,Airton,br BRA,"MF,FW",Novorizontino,26-281,1999,14,4,482,5.4,1,0,1,1,0,0,0,0,0.19,0.00,0.19,0.19,0.19,Matches
8,Marcelo Ajul,br BRA,DF,Athletic,23-076,2002,23,21,1737,19.3,0,1,1,0,0,0,5,0,0.00,0.05,0.05,0.00,0.05,Matches
9,Carlos Akapo,gq EQG,"DF,MF",Amazonas,32-243,1993,15,9,868,9.6,0,0,0,0,0,0,6,0,0.00,0.00,0.00,0.00,0.00,Matches
10,Léo Alaba,br BRA,"DF,MF",Criciúma,26-132,1999,15,8,748,8.3,0,1,1,0,0,0,1,0,0.00,0.12,0.12,0.00,0.12,Matches
11,Albano,br BRA,"MF,FW",Ferroviária,28-154,1997,28,18,1496,16.6,1,1,2,1,0,0,3,1,0.06,0.06,0.12,0.06,0.12,Matches
12,Carlos Alberto,br BRA,"MF,FW",Cuiabá,23-210,2002,21,15,1227,13.6,4,0,4,4,0,0,2,0,0.29,0.00,0.29,0.29,0.29,Matches
13,Matheus Albino,br BRA,GK,CRB,30-279,1995,34,34,3060,34.0,0,0,0,0,0,0,5,0,0.00,0.00,0.00,0.00,0.00,Matches
14,Fabio Alemao,br BRA,DF,CRB,29-033,1996,18,18,1416,15.7,1,0,1,1,0,0,4,1,0.06,0.00,0.06,0.06,0.06,Matches
15,Alencar,br BRA,MF,Ferroviária,23-095,2002,34,24,2048,22.8,1,0,1,1,0,0,5,0,0.04,0.00,0.04,0.04,0.04,Matches
16,Alex,br BRA,DF,Athletic,26-184,1999,9,7,642,7.1,0,0,0,0,0,0,1,1,0.00,0.00,0.00,0.00,0.00,Matches
17,Alisson,br BRA,GK,Criciúma,30-155,1995,26,26,2274,25.3,0,0,0,0,0,0,2,0,0.00,0.00,0.00,0.00,0.00,Matches
18,Allano,br BRA,"MF,FW",Operário,30-200,1995,12,12,800,8.9,1,2,3,1,0,0,2,0,0.11,0.23,0.34,0.11,0.34,Matches
19,Charles Almeida,br BRA,DF,Operário,30-214,1995,2,1,109,1.2,0,0,0,0,0,0,0,1,0.00,0.00,0.00,0.00,0.00,Matches
20,Fábio Almeida,br BRA,MF,Goiás,24-102,2001,1,0,11,0.1,0,0,0,0,0,0,0,0,0.00,0.00,0.00,0.00,0.00,Matches
21,Henrique Almeida,br BRA,FW,Amazonas,34-167,1991,26,21,1779,19.8,6,1,7,6,0,0,3,0,0.30,0.05,0.35,0.30,0.35,Matches
22,João Almeida,br BRA,DF,Coritiba,19-298,2006,12,7,669,7.4,0,0,0,0,0,0,2,0,0.00,0.00,0.00,0.00,0.00,Matches
23,Jordi Almeida,br BRA,GK,Novorizontino,32-068,1993,4,4,360,4.0,0,0,0,0,0,0,2,0,0.00,0.00,0.00,0.00,0.00,Matches
24,Kayky Almeida,br BRA,DF,Remo,20-193,2005,14,11,1050,11.7,0,1,1,0,0,0,2,0,0.00,0.09,0.09,0.00,0.09,Matches
25,Weverton Almeida,br BRA,DF,Avaí,26-133,1999,1,0,14,0.2,0,0,0,0,0,0,0,0,0.00,0.00,0.00,0.00,0.00,Matches
Rk,Player,Nation,Pos,Squad,Age,Born,MP,Starts,Min,90s,Gls,Ast,G+A,G-PK,PK,PKatt,CrdY,CrdR,Gls,Ast,G+A,G-PK,G+A-PK,Matches
26,Iván Alvariño,ar ARG,DF,Remo,24-282,2001,4,3,244,2.7,0,0,0,0,0,0,0,0,0.00,0.00,0.00,0.00,0.00,Matches
27,Iván Alvariño,ar ARG,DF,Amazonas,24-282,2001,14,14,1260,14.0,0,1,1,0,0,0,2,0,0.00,0.07,0.07,0.00,0.07,Matches
28,Daniel Alves,br BRA,FW,Atl Goianiense,20-339,2004,5,2,244,2.7,0,0,0,0,0,0,1,0,0.00,0.00,0.00,0.00,0.00,Matches
29,Daniel Alves,br BRA,FW,CRB,20-339,2004,7,2,241,2.7,0,0,0,0,0,0,0,0,0.00,0.00,0.00,0.00,0.00,Matches
30,Ronaldo Alves,br BRA,DF,Ferroviária,36-124,1989,29,29,2564,28.5,0,0,0,0,0,0,9,1,0.00,0.00,0.00,0.00,0.00,Matches
31,Rodrigo Alves Soares,br BRA,"DF,MF",Novorizontino,32-319,1992,28,26,2288,25.4,0,3,3,0,0,0,1,0,0.00,0.12,0.12,0.00,0.12,Matches
32,Amaral,br BRA,MF,América (MG),22-125,2003,18,15,1143,12.7,2,0,2,2,0,0,4,0,0.16,0.00,0.16,0.16,0.16,Matches
33,Amorim,br BRA,MF,Athletic,20-176,2005,14,13,1042,11.6,1,2,3,1,0,0,3,0,0.09,0.17,0.26,0.09,0.26,Matches
34,Daniel Amorim,br BRA,FW,Operário,36-056,1989,22,13,1029,11.4,7,1,8,6,1,1,2,0,0.61,0.09,0.70,0.52,0.61,Matches
35,Anderson,br BRA,GK,Atl Goianiense,27-250,1998,1,1,90,1.0,0,0,0,0,0,0,0,0,0.00,0.00,0.00,0.00,0.00,Matches
36,Rodrigo Andrade,br BRA,MF,Goiás,28-159,1997,14,10,809,9.0,1,2,3,1,0,0,2,0,0.11,0.22,0.33,0.11,0.33,Matches
37,Yago Andrade,br BRA,MF,América (MG),22-221,2003,12,1,181,2.0,0,0,0,0,0,0,1,0,0.00,0.00,0.00,0.00,0.00,Matches
38,André,br BRA,DF,Operário,26-168,1999,9,2,323,3.6,1,0,1,1,0,0,4,1,0.28,0.00,0.28,0.28,0.28,Matches
39,Andrey,br BRA,"DF,MF",Avaí,23-277,2002,14,11,1072,11.9,1,1,2,1,0,0,0,0,0.08,0.08,0.17,0.08,0.17,Matches
40,Luan Andrey,br BRA,FW,Vila Nova,19-098,2006,1,0,28,0.3,0,0,0,0,0,0,0,0,0.00,0.00,0.00,0.00,0.00,Matches
41,Paulo Vítor Fagundes dos Anjos,br BRA,GK,Atl Goianiense,36-354,1988,23,23,2062,22.9,0,0,0,0,0,0,3,1,0.00,0.00,0.00,0.00,0.00,Matches
42,Anthony,br BRA,DF,Goiás,20-121,2005,7,2,231,2.6,0,0,0,0,0,0,1,0,0.00,0.00,0.00,0.00,0.00,Matches
43,Maurício Antônio,br BRA,DF,Paysandu,33-277,1992,15,12,1184,13.2,0,1,1,0,0,0,1,0,0.00,0.08,0.08,0.00,0.08,Matches
44,Rodrigo Antonio Rodrigues,br BRA,"MF,FW",Operário,25-203,2000,31,26,1941,21.6,5,1,6,5,0,0,6,0,0.23,0.05,0.28,0.23,0.28,Matches
45,David Antunes,ad AND,MF,Chapecoense,25-159,2000,4,4,224,2.5,0,0,0,0,0,0,3,0,0.00,0.00,0.00,0.00,0.00,Matches
46,Yuri Alves de Aquino,br BRA,MF,Atl Goianiense,19-065,2006,16,9,780,8.7,1,0,1,1,0,0,1,0,0.12,0.00,0.12,0.12,0.12,Matches
47,Joaquín Ariel Novillo,ar ARG,DF,Paysandu,27-264,1998,15,14,1134,12.6,0,0,0,0,0,0,0,1,0.00,0.00,0.00,0.00,0.00,Matches
48,Arilson,br BRA,MF,Vila Nova,31-345,1993,13,7,637,7.1,1,0,1,1,0,0,2,0,0.14,0.00,0.14,0.14,0.14,Matches
49,Arthur,br BRA,FW,América (MG),22-243,2003,18,9,854,9.5,2,0,2,2,0,0,1,0,0.21,0.00,0.21,0.21,0.21,Matches
50,Arthur,br BRA,"FW,MF",Goiás,33-148,1992,23,5,741,8.2,3,1,4,3,0,0,0,0,0.36,0.12,0.49,0.36,0.49,Matches
Rk,Player,Nation,Pos,Squad,Age,Born,MP,Starts,Min,90s,Gls,Ast,G+A,G-PK,PK,PKatt,CrdY,CrdR,Gls,Ast,G+A,G-PK,G+A-PK,Matches
51,Arthur,br BRA,MF,Cuiabá,31-234,1994,3,0,63,0.7,0,0,0,0,0,0,0,0,0.00,0.00,0.00,0.00,0.00,Matches
52,Léo Ataíde,br BRA,DF,Cuiabá,21-295,2004,12,6,555,6.2,0,0,0,0,0,0,0,0,0.00,0.00,0.00,0.00,0.00,Matches
53,Giovanni Augusto,br BRA,"MF,FW",Chapecoense,36-066,1989,30,30,2329,25.9,2,10,12,2,0,0,7,0,0.08,0.39,0.46,0.08,0.46,Matches
54,Douglas Baggio,br BRA,"FW,MF",Botafogo (SP),30-281,1995,1,0,5,0.1,0,0,0,0,0,0,0,0,0.00,0.00,0.00,0.00,0.00,Matches
55,Douglas Baggio,br BRA,"MF,FW",CRB,30-281,1995,29,17,1249,13.9,4,0,4,3,1,1,5,0,0.29,0.00,0.29,0.22,0.22,Matches
56,Gabriel Bahia,br BRA,DF,Volta Redonda,26-351,1998,17,17,1449,16.1,1,0,1,1,0,0,6,1,0.06,0.00,0.06,0.06,0.06,Matches
57,Willian Bahia,br BRA,DF,CRB,23-269,2002,2,2,135,1.5,0,0,0,0,0,0,0,0,0.00,0.00,0.00,0.00,0.00,Matches
58,Guilherme Baldória,br BRA,DF,Goiás,20-203,2005,9,2,250,2.8,0,0,0,0,0,0,0,0,0.00,0.00,0.00,0.00,0.00,Matches
59,Pedro Balotelli,br BRA,FW,Novorizontino,20-299,2005,1,0,24,0.3,0,0,0,0,0,0,0,0,0.00,0.00,0.00,0.00,0.00,Matches
60,Vinícius Barata,br BRA,MF,CRB,26-271,1999,11,1,294,3.3,0,0,0,0,0,0,1,0,0.00,0.00,0.00,0.00,0.00,Matches
61,Victor Barbara,br BRA,MF,Cuiabá,21-114,2004,11,0,180,2.0,0,0,0,0,0,0,0,0,0.00,0.00,0.00,0.00,0.00,Matches
62,William Barbio,br BRA,"FW,MF",Amazonas,33-019,1992,7,0,181,2.0,0,0,0,0,0,0,2,0,0.00,0.00,0.00,0.00,0.00,Matches
63,Matheus Barbosa,br BRA,MF,Botafogo (SP),31-084,1994,10,4,343,3.8,1,0,1,1,0,0,2,0,0.26,0.00,0.26,0.26,0.26,Matches
64,Facundo Barcelo,uy URU,FW,Goiás,32-224,1993,8,0,48,0.5,0,0,0,0,0,0,0,0,0.00,0.00,0.00,0.00,0.00,Matches
65,Facundo Barcelo,uy URU,FW,CRB,32-224,1993,6,3,243,2.7,0,0,0,0,0,0,2,0,0.00,0.00,0.00,0.00,0.00,Matches
66,Pedro Barcelos,br BRA,DF,América (MG),29-295,1996,1,0,25,0.3,0,0,0,0,0,0,1,0,0.00,0.00,0.00,0.00,0.00,Matches
67,Rafael Barcelos,br BRA,DF,América (MG),21-289,2004,3,1,123,1.4,0,0,0,0,0,0,0,0,0.00,0.00,0.00,0.00,0.00,Matches
68,Bruno Barra,br BRA,"DF,MF",Volta Redonda,29-213,1996,16,12,1122,12.5,1,0,1,1,0,0,2,0,0.08,0.00,0.08,0.08,0.08,Matches
69,Barreto,br BRA,MF,Avaí,29-335,1995,10,7,619,6.9,2,1,3,2,0,0,1,0,0.29,0.15,0.44,0.29,0.44,Matches
70,Lucas Barreto,br BRA,GK,Atl Goianiense,23-265,2002,1,1,90,1.0,0,0,0,0,0,0,0,0,0.00,0.00,0.00,0.00,0.00,Matches
71,Vitor Barreto,br BRA,FW,Ferroviária,25-223,2000,13,2,380,4.2,1,0,1,1,0,0,2,1,0.24,0.00,0.24,0.24,0.24,Matches
72,Francisco Barrios,uy URU,MF,Atl Goianiense,23-264,2002,1,0,45,0.5,0,0,0,0,0,0,1,0,0.00,0.00,0.00,0.00,0.00,Matches
73,Cauan Barros,br BRA,MF,América (MG),21-188,2004,17,15,1394,15.5,3,0,3,3,0,0,6,0,0.19,0.00,0.19,0.19,0.19,Matches
74,Gabriel Barros,br BRA,MF,Botafogo (SP),24-016,2001,12,8,676,7.5,0,1,1,0,0,0,1,0,0.00,0.13,0.13,0.00,0.13,Matches
75,Gabriel Barros,br BRA,MF,Criciúma,24-016,2001,1,0,23,0.3,0,0,0,0,0,0,0,0,0.00,0.00,0.00,0.00,0.00,Matches
Rk,Player,Nation,Pos,Squad,Age,Born,MP,Starts,Min,90s,Gls,Ast,G+A,G-PK,PK,PKatt,CrdY,CrdR,Gls,Ast,G+A,G-PK,G+A-PK,Matches
76,Lucas Belezi,br BRA,DF,Ath Paranaense,22-186,2003,15,11,988,11.0,0,0,0,0,0,0,0,0,0.00,0.00,0.00,0.00,0.00,Matches
77,Lautaro Belleggia,ar ARG,MF,Volta Redonda,28-234,1997,1,0,26,0.3,0,0,0,0,0,0,0,0,0.00,0.00,0.00,0.00,0.00,Matches
78,Gastón Benavídez,ar ARG,"DF,MF",Ath Paranaense,30-018,1995,18,16,1446,16.1,1,1,2,1,0,0,2,0,0.06,0.06,0.12,0.06,0.12,Matches
79,Jorge Benítez,py PAR,FW,Paysandu,33-069,1992,19,11,888,9.9,1,0,1,1,0,0,1,0,0.10,0.00,0.10,0.10,0.10,Matches
80,Martín Benítez,ar ARG,"FW,MF",América (MG),31-146,1994,3,0,93,1.0,0,0,0,0,0,0,1,0,0.00,0.00,0.00,0.00,0.00,Matches
81,Martín Benítez,ar ARG,MF,Goiás,31-146,1994,9,1,261,2.9,0,0,0,0,0,0,2,0,0.00,0.00,0.00,0.00,0.00,Matches
82,Gabriel Bispo,br BRA,MF,Botafogo (SP),28-250,1997,24,21,1818,20.2,1,2,3,1,0,0,5,0,0.05,0.10,0.15,0.05,0.15,Matches
83,Matheus Blade,br BRA,DF,Amazonas,28-179,1997,3,3,209,2.3,0,0,0,0,0,0,0,0,0.00,0.00,0.00,0.00,0.00,Matches
84,Igor Bohn,br BRA,GK,Avaí,29-192,1996,14,14,1215,13.5,0,0,0,0,0,0,0,0,0.00,0.00,0.00,0.00,0.00,Matches
85,Igor Bolt,br BRA,FW,Ferroviária,25-041,2000,8,0,124,1.4,0,0,0,0,0,0,0,0,0.00,0.00,0.00,0.00,0.00,Matches
86,Benjamín Borasi,ar ARG,MF,Criciúma,27-364,1997,15,2,390,4.3,1,0,1,1,0,0,1,0,0.23,0.00,0.23,0.23,0.23,Matches
87,Benjamín Borasi,ar ARG,MF,Paysandu,27-364,1997,8,5,446,5.0,0,0,0,0,0,0,1,0,0.00,0.00,0.00,0.00,0.00,Matches
88,Diego Borges,br BRA,DF,Amazonas,20-330,2004,5,4,382,4.2,0,0,0,0,0,0,0,0,0.00,0.00,0.00,0.00,0.00,Matches
89,Gabriel Boschilia,br BRA,"MF,FW",Operário,29-250,1996,33,33,2837,31.5,9,6,15,5,4,4,8,0,0.29,0.19,0.48,0.16,0.35,Matches
90,David Braga,br BRA,MF,Athletic,23-334,2001,32,27,2083,23.1,6,2,8,6,0,0,2,0,0.26,0.09,0.35,0.26,0.35,Matches
91,David Brall,br BRA,FW,CRB,22-201,2003,1,0,26,0.3,0,0,0,0,0,0,0,0,0.00,0.00,0.00,0.00,0.00,Matches
92,Brayann,br BRA,"FW,MF",Goiás,28-016,1997,10,6,483,5.4,1,2,3,1,0,0,0,1,0.19,0.37,0.56,0.19,0.56,Matches
93,Bressan,br BRA,DF,Chapecoense,32-299,1993,5,2,195,2.2,0,0,0,0,0,0,0,0,0.00,0.00,0.00,0.00,0.00,Matches
94,Eduardo Brock,br BRA,DF,Avaí,34-188,1991,35,35,3136,34.8,1,0,1,1,0,0,5,0,0.03,0.00,0.03,0.03,0.03,Matches
95,Júnior Brumado,br BRA,FW,Coritiba,26-179,1999,6,0,138,1.5,0,0,0,0,0,0,1,0,0.00,0.00,0.00,0.00,0.00,Matches
96,Bryan,br BRA,"DF,MF",Paysandu,29-247,1996,21,16,1381,15.3,0,0,0,0,0,0,3,0,0.00,0.00,0.00,0.00,0.00,Matches
97,Daniel Cabral,br BRA,MF,Volta Redonda,23-180,2002,5,0,184,2.0,0,0,0,0,0,0,1,0,0.00,0.00,0.00,0.00,0.00,Matches
98,Daniel Cabral,br BRA,MF,Remo,23-180,2002,4,0,72,0.8,0,0,0,0,0,0,0,0,0.00,0.00,0.00,0.00,0.00,Matches
99,Guilherme Cachoeira,br BRA,MF,Athletic,23-199,2002,8,1,219,2.4,0,0,0,0,0,0,1,0,0.00,0.00,0.00,0.00,0.00,Matches
100,Victor Caetano,br BRA,DF,Chapecoense,28-022,1997,25,23,1988,22.1,1,1,2,1,0,0,6,1,0.05,0.05,0.09,0.05,0.09,Matches
Rk,Player,Nation,Pos,Squad,Age,Born,MP,Starts,Min,90s,Gls,Ast,G+A,G-PK,PK,PKatt,CrdY,CrdR,Gls,Ast,G+A,G-PK,G+A-PK,Matches
101,Vitor Caetano,br BRA,GK,CRB,26-132,1999,2,2,180,2.0,0,0,0,0,0,0,0,0,0.00,0.00,0.00,0.00,0.00,Matches
102,Jonathan Cafu,br BRA,MF,Botafogo (SP),34-123,1991,30,21,1648,18.3,2,2,4,2,0,0,3,0,0.11,0.11,0.22,0.11,0.22,Matches
103,Caick,br BRA,MF,Athletic,19-316,2005,4,0,73,0.8,0,0,0,0,0,0,1,0,0.00,0.00,0.00,0.00,0.00,Matches
104,Diego Caito,br BRA,DF,Goiás,21-156,2004,25,22,1781,19.8,1,1,2,1,0,0,6,0,0.05,0.05,0.10,0.05,0.10,Matches
105,Patric Calmon PK,br BRA,"DF,MF",Paysandu,31-128,1994,11,7,624,6.9,0,0,0,0,0,0,0,0,0.00,0.00,0.00,0.00,0.00,Matches
106,Murilo Camara,br BRA,DF,Goiás,19-006,2006,1,0,29,0.3,0,0,0,0,0,0,0,0,0.00,0.00,0.00,0.00,0.00,Matches
107,Nathan Camargo,br BRA,MF,Remo,20-108,2005,11,6,542,6.0,0,0,0,0,0,0,2,0,0.00,0.00,0.00,0.00,0.00,Matches
108,Tiago Cametá,br BRA,DF,Amazonas,33-189,1992,2,1,67,0.7,0,0,0,0,0,0,0,0,0.00,0.00,0.00,0.00,0.00,Matches
109,Léo Campos,br BRA,DF,CRB,33-130,1992,19,13,1343,14.9,0,3,3,0,0,0,1,0,0.00,0.20,0.20,0.00,0.20,Matches
110,Camutanga,br BRA,DF,Remo,32-044,1993,14,10,962,10.7,0,0,0,0,0,0,6,0,0.00,0.00,0.00,0.00,0.00,Matches
111,Víctor Cantillo,co COL,MF,Remo,32-026,1993,6,5,375,4.2,0,0,0,0,0,0,1,0,0.00,0.00,0.00,0.00,0.00,Matches
112,Matheus Capixaba,br BRA,FW,Paysandu,19-249,2006,1,0,31,0.3,0,0,0,0,0,0,0,0,0.00,0.00,0.00,0.00,0.00,Matches
113,Pedro Caracoci,br BRA,GK,Amazonas,25-296,2000,7,7,630,7.0,0,0,0,0,0,0,2,0,0.00,0.00,0.00,0.00,0.00,Matches
114,Nathan Cardoso,br BRA,DF,Cuiabá,30-181,1995,24,22,1882,20.9,1,1,2,1,0,0,3,0,0.05,0.05,0.10,0.05,0.10,Matches
115,Nicolas Careca,br BRA,MF,Coritiba,28-176,1997,14,6,520,5.8,1,1,2,1,0,0,3,0,0.17,0.17,0.35,0.17,0.35,Matches
116,Alason Carioca,br BRA,MF,Athletic,26-299,1999,17,4,524,5.8,0,0,0,0,0,0,0,0,0.00,0.00,0.00,0.00,0.00,Matches
117,Carlão,br BRA,DF,Botafogo (SP),24-243,2001,19,16,1480,16.4,0,0,0,0,0,0,5,0,0.00,0.00,0.00,0.00,0.00,Matches
118,Carlão,br BRA,FW,Ferroviária,33-130,1992,34,34,2894,32.2,13,2,15,10,3,3,7,1,0.40,0.06,0.47,0.31,0.37,Matches
119,Carlito,br BRA,FW,Athletic,20-268,2005,1,0,3,0.0,0,0,0,0,0,0,0,0,0.00,0.00,0.00,0.00,0.00,Matches
120,João Carlos,br BRA,GK,Botafogo (SP),37-218,1988,4,4,360,4.0,0,0,0,0,0,0,0,0,0.00,0.00,0.00,0.00,0.00,Matches
121,João Carlos,br BRA,MF,Criciúma,24-142,2001,14,3,475,5.3,1,1,2,1,0,0,2,0,0.19,0.19,0.38,0.19,0.38,Matches
122,Jean Carlos Vicente,br BRA,"MF,FW",Criciúma,33-268,1992,22,5,667,7.4,3,1,4,2,1,1,2,0,0.40,0.13,0.54,0.27,0.40,Matches
123,Zé Carlos,br BRA,GK,Amazonas,30-272,1995,9,8,782,8.7,0,0,0,0,0,0,1,0,0.00,0.00,0.00,0.00,0.00,Matches
124,Ronie Carrillo,ec ECU,FW,Botafogo (SP),29-063,1996,22,8,855,9.5,4,1,5,4,0,0,2,0,0.42,0.11,0.53,0.42,0.53,Matches
125,Rafael Carvalheira,br BRA,MF,Chapecoense,26-168,1999,35,33,2929,32.5,7,3,10,7,0,0,1,0,0.22,0.09,0.31,0.22,0.31,Matches
Rk,Player,Nation,Pos,Squad,Age,Born,MP,Starts,Min,90s,Gls,Ast,G+A,G-PK,PK,PKatt,CrdY,CrdR,Gls,Ast,G+A,G-PK,G+A-PK,Matches
126,Matheus Carvalho,br BRA,FW,Operário,24-313,2001,4,0,87,1.0,1,0,1,1,0,0,0,0,1.03,0.00,1.03,1.03,1.03,Matches
127,Alisson Cassiano,br BRA,DF,Botafogo (SP),31-166,1994,12,8,751,8.3,0,0,0,0,0,0,3,0,0.00,0.00,0.00,0.00,0.00,Matches
128,Cassinho,br BRA,MF,Ferroviária,33-073,1992,2,0,29,0.3,0,0,0,0,0,0,0,0,0.00,0.00,0.00,0.00,0.00,Matches
129,Cássio,br BRA,GK,América (MG),23-275,2002,2,2,180,2.0,0,0,0,0,0,0,1,0,0.00,0.00,0.00,0.00,0.00,Matches
130,Luciano Castán,br BRA,DF,Criciúma,36-058,1989,33,33,2959,32.9,0,0,0,0,0,0,11,0,0.00,0.00,0.00,0.00,0.00,Matches
131,Iury de Castilho,br BRA,"MF,FW",Coritiba,30-065,1995,25,18,1345,14.9,3,3,6,3,0,0,4,0,0.20,0.20,0.40,0.20,0.40,Matches
132,Nilson Castrillón,co COL,"DF,MF",Amazonas,29-286,1996,20,17,1450,16.1,1,0,1,1,0,0,3,0,0.06,0.00,0.06,0.06,0.06,Matches
133,Felipe Castro,br BRA,MF,Atl Goianiense,30-270,1995,4,1,71,0.8,0,0,0,0,0,0,2,0,0.00,0.00,0.00,0.00,0.00,Matches
134,Pedro Castro,br BRA,MF,Remo,32-278,1993,27,17,1476,16.4,1,2,3,1,0,0,2,0,0.06,0.12,0.18,0.06,0.18,Matches
135,Rafael Castro,br BRA,DF,Remo,30-045,1995,2,0,29,0.3,0,0,0,0,0,0,0,0,0.00,0.00,0.00,0.00,0.00,Matches
136,Ygor Catatau,br BRA,"FW,MF",Volta Redonda,30-132,1995,10,8,592,6.6,1,0,1,1,0,0,2,0,0.15,0.00,0.15,0.15,0.15,Matches
137,Cauê,br BRA,FW,Criciúma,22-359,2002,1,0,3,0.0,0,0,0,0,0,0,0,0,0.00,0.00,0.00,0.00,0.00,Matches
138,Léo Ceará,br BRA,MF,Volta Redonda,26-250,1999,10,1,232,2.6,0,0,0,0,0,0,0,0,0.00,0.00,0.00,0.00,0.00,Matches
139,César,br BRA,DF,Novorizontino,32-317,1992,25,25,2173,24.1,2,2,4,2,0,0,3,0,0.08,0.08,0.17,0.08,0.17,Matches
140,Júlio César,br BRA,DF,América (MG),22-043,2003,28,25,2007,22.3,1,2,3,1,0,0,4,0,0.04,0.09,0.13,0.04,0.13,Matches
141,Reynaldo Cesar Moraes,br BRA,DF,Remo,28-311,1997,26,24,2067,23.0,2,0,2,2,0,0,4,0,0.09,0.00,0.09,0.09,0.09,Matches
142,Lucas Chávez,bo BOL,FW,Volta Redonda,22-207,2003,4,1,120,1.3,0,0,0,0,0,0,0,0,0.00,0.00,0.00,0.00,0.00,Matches
143,Eliel Chrystian,br BRA,MF,Paysandu,22-288,2003,6,1,227,2.5,0,0,0,0,0,0,0,0,0.00,0.00,0.00,0.00,0.00,Matches
144,Léo Cittadini,br BRA,MF,Operário,31-256,1994,1,1,32,0.4,0,0,0,0,0,0,0,0,0.00,0.00,0.00,0.00,0.00,Matches
145,Walter Clar,py PAR,"MF,DF",Chapecoense,31-044,1994,35,35,3118,34.6,7,1,8,4,3,4,1,0,0.20,0.03,0.23,0.12,0.14,Matches
146,Filipe Claudino,br BRA,MF,Operário,22-029,2003,2,0,9,0.1,0,0,0,0,0,0,0,0,0.00,0.00,0.00,0.00,0.00,Matches
147,Clayson,br BRA,MF,Coritiba,30-236,1995,22,12,1107,12.3,0,2,2,0,0,0,2,0,0.00,0.16,0.16,0.00,0.16,Matches
148,Cléber,br BRA,FW,Avaí,29-019,1996,35,34,2778,30.9,11,4,15,8,3,3,5,0,0.36,0.13,0.49,0.26,0.39,Matches
149,Cocote,br BRA,MF,Amazonas,21-104,2004,7,1,254,2.8,1,0,1,1,0,0,2,0,0.35,0.00,0.35,0.35,0.35,Matches
150,Léo Coelho,br BRA,DF,Amazonas,32-177,1993,13,13,1090,12.1,1,1,2,1,0,0,3,0,0.08,0.08,0.17,0.08,0.17,Matches
Rk,Player,Nation,Pos,Squad,Age,Born,MP,Starts,Min,90s,Gls,Ast,G+A,G-PK,PK,PKatt,CrdY,CrdR,Gls,Ast,G+A,G-PK,G+A-PK,Matches
151,Robert Conceição,br BRA,MF,Atl Goianiense,22-113,2003,32,24,1920,21.3,5,3,8,5,0,0,5,0,0.23,0.14,0.37,0.23,0.37,Matches
152,Conrado,br BRA,DF,Atl Goianiense,28-221,1997,11,8,626,7.0,0,0,0,0,0,0,3,0,0.00,0.00,0.00,0.00,0.00,Matches
153,Luciano Cosentino,uy URU,FW,Atl Goianiense,24-176,2001,3,0,53,0.6,0,0,0,0,0,0,0,0,0.00,0.00,0.00,0.00,0.00,Matches
154,Tiago Coser,br BRA,DF,Coritiba,21-298,2004,10,5,527,5.9,0,0,0,0,0,0,2,0,0.00,0.00,0.00,0.00,0.00,Matches
155,Calebe Costa,br BRA,"MF,DF",Cuiabá,22-156,2003,26,18,1558,17.3,0,1,1,0,0,0,3,0,0.00,0.06,0.06,0.00,0.06,Matches
156,Jonathan Costa,br BRA,DF,Avaí,30-205,1995,29,29,2408,26.8,1,1,2,1,0,0,7,2,0.04,0.04,0.07,0.04,0.07,Matches
157,Matheus Costa,br BRA,MF,Volta Redonda,26-088,1999,3,0,37,0.4,0,0,0,0,0,0,0,0,0.00,0.00,0.00,0.00,0.00,Matches
158,Neto Costa,br BRA,FW,Athletic,28-302,1997,32,12,1224,13.6,7,0,7,5,2,2,5,0,0.51,0.00,0.51,0.37,0.37,Matches
159,Pedro Costa,br BRA,DF,Remo,32-085,1993,12,3,489,5.4,0,1,1,0,0,0,1,0,0.00,0.18,0.18,0.00,0.18,Matches
160,Sánchez Costa,br BRA,"DF,MF",Volta Redonda,30-043,1995,31,29,2460,27.3,2,2,4,1,1,1,4,0,0.07,0.07,0.15,0.04,0.11,Matches
161,Gustavo Coutinho,br BRA,FW,Coritiba,26-295,1999,36,21,1818,20.2,5,2,7,4,1,1,2,0,0.25,0.10,0.35,0.20,0.30,Matches
162,Alejo Cruz,uy URU,MF,Atl Goianiense,25-070,2000,9,3,406,4.5,0,0,0,0,0,0,2,0,0.00,0.00,0.00,0.00,0.00,Matches
163,Alessio da Cruz,cv CPV,MF,Athletic,28-296,1997,11,6,487,5.4,1,0,1,1,0,0,4,0,0.18,0.00,0.18,0.18,0.18,Matches
164,João Cruz,br BRA,"MF,FW",Ath Paranaense,19-182,2006,14,3,455,5.1,0,1,1,0,0,0,2,0,0.00,0.20,0.20,0.00,0.20,Matches
165,Nathan Cruz,br BRA,FW,Cuiabá,18-269,2007,7,0,115,1.3,0,0,0,0,0,0,1,0,0.00,0.00,0.00,0.00,0.00,Matches
166,Crystopher,br BRA,MF,CRB,27-156,1998,20,14,1344,14.9,0,0,0,0,0,0,3,0,0.00,0.00,0.00,0.00,0.00,Matches
167,Adailson Dadá,br BRA,"MF,FW",CRB,28-275,1997,22,13,1154,12.8,3,2,5,3,0,0,1,0,0.23,0.16,0.39,0.23,0.39,Matches
168,Dalberson,br BRA,GK,América (MG),28-301,1997,3,3,270,3.0,0,0,0,0,0,0,0,0,0.00,0.00,0.00,0.00,0.00,Matches
169,Gustavo Daniel,br BRA,DF,Atl Goianiense,20-248,2005,1,0,11,0.1,0,0,0,0,0,0,0,0,0.00,0.00,0.00,0.00,0.00,Matches
170,Danielzinho,br BRA,MF,Atl Goianiense,23-135,2002,4,2,147,1.6,0,0,0,0,0,0,0,0,0.00,0.00,0.00,0.00,0.00,Matches
171,Danielzinho,br BRA,MF,CRB,29-303,1996,33,33,2551,28.3,3,6,9,3,0,0,8,0,0.11,0.21,0.32,0.11,0.32,Matches
172,Dantas,br BRA,DF,Novorizontino,21-108,2004,24,24,2031,22.6,2,0,2,2,0,0,8,2,0.09,0.00,0.09,0.09,0.09,Matches
173,Caio Dantas,br BRA,FW,Atl Goianiense,32-264,1993,8,5,392,4.4,1,0,1,1,0,0,0,0,0.23,0.00,0.23,0.23,0.23,Matches
174,Caio Dantas,br BRA,FW,Novorizontino,32-264,1993,7,5,429,4.8,1,0,1,1,0,0,0,0,0.21,0.00,0.21,0.21,0.21,Matches
175,Darilson,br BRA,MF,Remo,26-133,1999,2,0,16,0.2,0,0,0,0,0,0,0,0,0.00,0.00,0.00,0.00,0.00,Matches
Rk,Player,Nation,Pos,Squad,Age,Born,MP,Starts,Min,90s,Gls,Ast,G+A,G-PK,PK,PKatt,CrdY,CrdR,Gls,Ast,G+A,G-PK,G+A-PK,Matches
176,Darlisson,br BRA,DF,CRB,21-344,2003,3,1,109,1.2,0,0,0,0,0,0,1,0,0.00,0.00,0.00,0.00,0.00,Matches
177,David,br BRA,"FW,MF",América (MG),25-305,2000,4,0,86,1.0,0,0,0,0,0,0,0,0,0.00,0.00,0.00,0.00,0.00,Matches
178,David,br BRA,MF,CRB,25-305,2000,5,3,282,3.1,1,0,1,1,0,0,0,0,0.32,0.00,0.32,0.32,0.32,Matches
179,David,br BRA,MF,Cuiabá,18-244,2007,23,14,1311,14.6,1,1,2,1,0,0,7,0,0.07,0.07,0.14,0.07,0.14,Matches
180,Matheus Davó,br BRA,FW,Remo,26-086,1999,12,8,760,8.4,2,0,2,2,0,0,1,0,0.24,0.00,0.24,0.24,0.24,Matches
181,Dellatorre,br BRA,FW,Coritiba,33-193,1992,23,13,1063,11.8,4,0,4,4,0,0,3,0,0.34,0.00,0.34,0.34,0.34,Matches
182,Pedro Delvalle,py PAR,MF,Paysandu,31-308,1994,4,2,155,1.7,0,0,0,0,0,0,0,0,0.00,0.00,0.00,0.00,0.00,Matches
183,Dener,br BRA,MF,Volta Redonda,33-242,1992,1,0,32,0.4,0,0,0,0,0,0,0,0,0.00,0.00,0.00,0.00,0.00,Matches
184,Dener,br BRA,MF,Amazonas,27-225,1998,4,2,141,1.6,0,0,0,0,0,0,1,0,0.00,0.00,0.00,0.00,0.00,Matches
185,Denilson,br BRA,FW,Paysandu,27-248,1998,5,3,170,1.9,0,0,0,0,0,0,0,0,0.00,0.00,0.00,0.00,0.00,Matches
186,Denilson,br BRA,MF,Cuiabá,24-232,2001,33,33,2607,29.0,0,1,1,0,0,0,10,0,0.00,0.03,0.03,0.00,0.03,Matches
187,Júnior Dênis,br BRA,GK,Ferroviária,27-092,1998,36,36,3240,36.0,0,0,0,0,0,0,1,0,0.00,0.00,0.00,0.00,0.00,Matches
188,Denner,br BRA,MF,Paysandu,25-314,1999,18,14,1032,11.5,0,0,0,0,0,0,1,0,0.00,0.00,0.00,0.00,0.00,Matches
189,Dentinho,br BRA,MF,Chapecoense,28-187,1997,9,2,225,2.5,0,1,1,0,0,0,1,0,0.00,0.40,0.40,0.00,0.40,Matches
190,Leonardo Derik,br BRA,"MF,DF",Ath Paranaense,20-109,2005,13,9,830,9.2,1,0,1,1,0,0,1,0,0.11,0.00,0.11,0.11,0.11,Matches
191,DG,br BRA,DF,Goiás,24-226,2001,2,2,147,1.6,0,0,0,0,0,0,0,1,0.00,0.00,0.00,0.00,0.00,Matches
192,DG,br BRA,"DF,MF",Avaí,24-226,2001,14,10,860,9.6,0,0,0,0,0,0,7,0,0.00,0.00,0.00,0.00,0.00,Matches
193,Arthur Dias,br BRA,DF,Ath Paranaense,18-214,2007,15,14,1196,13.3,0,0,0,0,0,0,2,0,0.00,0.00,0.00,0.00,0.00,Matches
194,Jean Dias,br BRA,"MF,DF",Atl Goianiense,35-019,1990,13,9,800,8.9,0,1,1,0,0,0,3,0,0.00,0.11,0.11,0.00,0.11,Matches
195,Lucas Dias,br BRA,DF,Criciúma,30-110,1995,6,5,408,4.5,0,0,0,0,0,0,2,0,0.00,0.00,0.00,0.00,0.00,Matches
196,Digão,br BRA,DF,Amazonas,29-027,1996,3,2,161,1.8,0,0,0,0,0,0,0,0,0.00,0.00,0.00,0.00,0.00,Matches
197,Kauã Diniz Rocha,br BRA,MF,América (MG),21-248,2004,24,15,1444,16.0,2,0,2,2,0,0,8,2,0.12,0.00,0.12,0.12,0.12,Matches
198,Diogo,br BRA,MF,Amazonas,32-098,1993,1,0,26,0.3,0,0,0,0,0,0,0,0,0.00,0.00,0.00,0.00,0.00,Matches
199,Diogo,br BRA,FW,Paysandu,28-341,1996,17,14,1264,14.0,6,0,6,6,0,0,1,0,0.43,0.00,0.43,0.43,0.43,Matches
200,Dioran,br BRA,FW,CRB,22-252,2003,1,0,17,0.2,0,0,0,0,0,0,0,0,0.00,0.00,0.00,0.00,0.00,Matches
Rk,Player,Nation,Pos,Squad,Age,Born,MP,Starts,Min,90s,Gls,Ast,G+A,G-PK,PK,PKatt,CrdY,CrdR,Gls,Ast,G+A,G-PK,G+A-PK,Matches
201,Dodô,br BRA,MF,Remo,31-066,1994,8,1,150,1.7,0,0,0,0,0,0,1,0,0.00,0.00,0.00,0.00,0.00,Matches
202,Dodô,br BRA,MF,Vila Nova,24-148,2001,31,18,1745,19.4,3,4,7,1,2,2,2,0,0.15,0.21,0.36,0.05,0.26,Matches
203,Eduardo Doma,br BRA,DF,Chapecoense,27-073,1998,29,24,2343,26.0,3,0,3,3,0,0,2,0,0.12,0.00,0.12,0.12,0.12,Matches
204,Gabriel Domingos,br BRA,MF,Amazonas,24-274,2001,16,11,931,10.3,1,1,2,1,0,0,2,0,0.10,0.10,0.19,0.10,0.19,Matches
205,Rafael Donato,br BRA,DF,Novorizontino,36-238,1989,13,10,898,10.0,1,0,1,1,0,0,5,0,0.10,0.00,0.10,0.10,0.10,Matches
206,Mailton dos Santos,br BRA,"MF,DF",Chapecoense,27-163,1998,20,20,1625,18.1,6,5,11,6,0,0,4,0,0.33,0.28,0.61,0.33,0.61,Matches
207,Renan dos Santos,br BRA,GK,Amazonas,36-176,1989,16,16,1378,15.3,0,0,0,0,0,0,1,0,0.00,0.00,0.00,0.00,0.00,Matches
208,Alejo Dramisino,ar ARG,MF,Botafogo (SP),25-205,2000,25,14,1286,14.3,1,1,2,1,0,0,5,0,0.07,0.07,0.14,0.07,0.14,Matches
209,Jean Drosny,br BRA,GK,Volta Redonda,31-284,1994,22,22,1980,22.0,0,0,0,0,0,0,1,0,0.00,0.00,0.00,0.00,0.00,Matches
210,Eduardo Du,br BRA,DF,Volta Redonda,24-152,2001,1,0,15,0.2,0,0,0,0,0,0,0,0,0.00,0.00,0.00,0.00,0.00,Matches
211,Dudu,br BRA,"MF,FW",Ath Paranaense,19-313,2006,18,7,815,9.1,3,0,3,3,0,0,0,0,0.33,0.00,0.33,0.33,0.33,Matches
212,Riza Durmisi,dk DEN,DF,Amazonas,31-306,1994,4,3,168,1.9,0,0,0,0,0,0,0,1,0.00,0.00,0.00,0.00,0.00,Matches
213,Pablo Dyego,br BRA,"MF,FW",Novorizontino,31-247,1994,21,10,1129,12.5,4,0,4,4,0,0,1,0,0.32,0.00,0.32,0.32,0.32,Matches
214,Edinho,br BRA,MF,Paysandu,31-094,1994,4,1,120,1.3,0,0,0,0,0,0,0,0,0.00,0.00,0.00,0.00,0.00,Matches
215,Edson,br BRA,DF,Botafogo (SP),34-132,1991,16,12,1024,11.4,0,0,0,0,0,0,5,2,0.00,0.00,0.00,0.00,0.00,Matches
216,Edu,br BRA,FW,Cuiabá,32-250,1993,12,4,546,6.1,1,1,2,0,1,1,1,0,0.16,0.16,0.33,0.00,0.16,Matches
217,Carlos Eduardo,br BRA,MF,Paysandu,24-194,2001,5,1,130,1.4,0,1,1,0,0,0,2,0,0.00,0.69,0.69,0.00,0.69,Matches
218,Lucas Eduardo,br BRA,MF,Cuiabá,21-301,2004,1,0,26,0.3,0,0,0,0,0,0,0,0,0.00,0.00,0.00,0.00,0.00,Matches
219,Lucas Eduardo,br BRA,MF,Avaí,21-301,2004,5,1,120,1.3,0,0,0,0,0,0,1,0,0.00,0.00,0.00,0.00,0.00,Matches
220,Elias,br BRA,DF,Vila Nova,26-117,1999,33,33,2878,32.0,1,0,1,1,0,0,10,1,0.03,0.00,0.03,0.03,0.03,Matches
221,Fernando Elizari,ar ARG,MF,América (MG),34-219,1991,24,12,1105,12.3,0,0,0,0,0,0,3,0,0.00,0.00,0.00,0.00,0.00,Matches
222,Alan Empereur,br BRA,DF,Cuiabá,31-245,1994,21,21,1776,19.7,1,0,1,1,0,0,5,0,0.05,0.00,0.05,0.05,0.05,Matches
223,Enzo,br BRA,MF,Vila Nova,22-194,2003,2,0,25,0.3,0,0,0,0,0,0,0,0,0.00,0.00,0.00,0.00,0.00,Matches
224,Eric,br BRA,DF,Ferroviária,25-095,2000,17,11,986,11.0,0,1,1,0,0,0,4,0,0.00,0.09,0.09,0.00,0.09,Matches
225,Ericson,br BRA,DF,Botafogo (SP),26-183,1999,23,20,1804,20.0,1,0,1,1,0,0,4,0,0.05,0.00,0.05,0.05,0.05,Matches
Rk,Player,Nation,Pos,Squad,Age,Born,MP,Starts,Min,90s,Gls,Ast,G+A,G-PK,PK,PKatt,CrdY,CrdR,Gls,Ast,G+A,G-PK,G+A-PK,Matches
226,Erik,br BRA,DF,Ferroviária,20-206,2005,1,1,90,1.0,0,0,0,0,0,0,0,0,0.00,0.00,0.00,0.00,0.00,Matches
227,Joseph Espinoza,ec ECU,MF,Paysandu,25-131,2000,2,0,38,0.4,0,0,0,0,0,0,0,0,0.00,0.00,0.00,0.00,0.00,Matches
228,Lucas Esquivel,ar ARG,"DF,MF",Ath Paranaense,24-027,2001,23,21,1850,20.6,0,5,5,0,0,0,4,1,0.00,0.24,0.24,0.00,0.24,Matches
229,Everaldo,br BRA,"FW,MF",Coritiba,31-166,1994,10,0,148,1.6,0,0,0,0,0,0,2,0,0.00,0.00,0.00,0.00,0.00,Matches
230,Everton,br BRA,"MF,DF",Chapecoense,30-214,1995,21,5,709,7.9,1,2,3,1,0,0,3,0,0.13,0.25,0.38,0.13,0.38,Matches
231,Ezequiel,br BRA,"MF,FW",Athletic,27-246,1998,18,4,497,5.5,1,2,3,1,0,0,0,1,0.18,0.36,0.54,0.18,0.54,Matches
232,Diego Fabián Torres,ar ARG,"MF,FW",Vila Nova,35-004,1990,6,3,242,2.7,0,0,0,0,0,0,0,1,0.00,0.00,0.00,0.00,0.00,Matches
233,Fabiano,br BRA,DF,Amazonas,35-266,1990,29,29,2515,27.9,0,0,0,0,0,0,3,0,0.00,0.00,0.00,0.00,0.00,Matches
234,Bruno Fabiano Alves,br BRA,DF,Cuiabá,34-208,1991,24,21,1895,21.1,3,1,4,3,0,0,5,0,0.14,0.05,0.19,0.14,0.19,Matches
235,Fabinho,br BRA,"FW,MF",América (MG),25-357,1999,12,9,769,8.5,3,2,5,2,1,1,1,1,0.35,0.23,0.59,0.23,0.47,Matches
236,Fabrício,br BRA,DF,Volta Redonda,35-263,1990,13,12,957,10.6,0,0,0,0,0,0,3,0,0.00,0.00,0.00,0.00,0.00,Matches
237,Fabricio,br BRA,MF,Criciúma,19-259,2006,1,0,4,0.0,0,0,0,0,0,0,0,0,0.00,0.00,0.00,0.00,0.00,Matches
238,Fabrício,br BRA,"MF,FW",Ferroviária,28-232,1997,15,12,886,9.8,3,4,7,2,1,1,4,1,0.30,0.41,0.71,0.20,0.61,Matches
239,Rodrigo Fagundes,br BRA,DF,Criciúma,38-245,1987,34,34,3044,33.8,6,2,8,6,0,0,6,0,0.18,0.06,0.24,0.18,0.24,Matches
240,Falcão,br BRA,MF,Ath Paranaense,27-210,1998,9,7,552,6.1,0,0,0,0,0,0,1,0,0.00,0.00,0.00,0.00,0.00,Matches
241,Vinícius Faria,br BRA,"MF,FW",Paysandu,25-360,1999,16,3,410,4.6,0,0,0,0,0,0,3,0,0.00,0.00,0.00,0.00,0.00,Matches
242,Willian Farias,br BRA,MF,Novorizontino,36-157,1989,15,6,621,6.9,0,0,0,0,0,0,2,0,0.00,0.00,0.00,0.00,0.00,Matches
243,Gabriel Feliciano,br BRA,DF,Operário,24-107,2001,21,14,1357,15.1,0,2,2,0,0,0,3,0,0.00,0.13,0.13,0.00,0.13,Matches
244,Juan Felipe Aguirre,co COL,DF,Ath Paranaense,29-073,1996,15,12,1066,11.8,0,1,1,0,0,0,2,0,0.00,0.08,0.08,0.00,0.08,Matches
245,Luiz Felipe,br BRA,DF,Goiás,32-062,1993,9,7,611,6.8,0,0,0,0,0,0,3,0,0.00,0.00,0.00,0.00,0.00,Matches
246,Matheus Felipe,br BRA,DF,Atl Goianiense,27-001,1998,13,10,1007,11.2,1,0,1,1,0,0,3,1,0.09,0.00,0.09,0.09,0.09,Matches
247,Felipinho,br BRA,MF,Ath Paranaense,24-023,2001,29,24,1963,21.8,0,1,1,0,0,0,7,0,0.00,0.05,0.05,0.00,0.05,Matches
248,Fernando,br BRA,"DF,MF",Ath Paranaense,26-057,1999,8,6,447,5.0,0,0,0,0,0,0,2,0,0.00,0.00,0.00,0.00,0.00,Matches
249,Fernando,br BRA,MF,Amazonas,32-287,1993,7,3,370,4.1,0,0,0,0,0,0,1,0,0.00,0.00,0.00,0.00,0.00,Matches
250,Luiz Fernando,br BRA,"MF,FW",Ath Paranaense,29-025,1996,31,23,1833,20.4,3,6,9,3,0,0,4,0,0.15,0.29,0.44,0.15,0.44,Matches
Rk,Player,Nation,Pos,Squad,Age,Born,MP,Starts,Min,90s,Gls,Ast,G+A,G-PK,PK,PKatt,CrdY,CrdR,Gls,Ast,G+A,G-PK,G+A-PK,Matches
251,Luiz Fernando,br BRA,MF,CRB,53-356,1971,3,0,18,0.2,0,0,0,0,0,0,1,0,0.00,0.00,0.00,0.00,0.00,Matches
252,Gabriel Ferreira,br BRA,DF,Athletic,28-223,1997,6,4,386,4.3,0,0,0,0,0,0,1,0,0.00,0.00,0.00,0.00,0.00,Matches
253,Jean Carlos Alves Ferreira,br BRA,"MF,FW",Goiás,20-186,2005,8,2,262,2.9,1,0,1,1,0,0,0,0,0.34,0.00,0.34,0.34,0.34,Matches
254,Nicolás Ferreira,uy URU,"MF,FW",Remo,23-276,2002,15,13,999,11.1,2,3,5,2,0,0,0,0,0.18,0.27,0.45,0.18,0.45,Matches
255,Tom Fielding,br BRA,DF,Vila Nova,,,4,2,195,2.2,0,0,0,0,0,0,1,0,0.00,0.00,0.00,0.00,0.00,Matches
256,Figueiredo,br BRA,"MF,FW",América (MG),24-088,2001,21,19,1664,18.5,4,3,7,2,2,2,1,0,0.22,0.16,0.38,0.11,0.27,Matches
257,Tobias Figueiredo,pt POR,DF,Ath Paranaense,31-281,1994,4,3,278,3.1,0,0,0,0,0,0,2,0,0.00,0.00,0.00,0.00,0.00,Matches
258,Adriano Filho,br BRA,MF,Criciúma,21-149,2004,1,0,32,0.4,0,0,0,0,0,0,1,0,0.00,0.00,0.00,0.00,0.00,Matches
259,Luiz Filipe,br BRA,MF,Athletic,24-166,2001,5,2,255,2.8,0,0,0,0,0,0,3,0,0.00,0.00,0.00,0.00,0.00,Matches
260,André Filipinho,br BRA,MF,Criciúma,28-301,1997,22,20,1682,18.7,0,5,5,0,0,0,5,1,0.00,0.27,0.27,0.00,0.27,Matches
261,Nathan Fogaça,br BRA,"FW,MF",Novorizontino,26-154,1999,15,10,824,9.2,6,0,6,6,0,0,2,0,0.66,0.00,0.66,0.66,0.66,Matches
262,Willian Formiga,br BRA,DF,Vila Nova,30-292,1995,27,27,2300,25.6,0,0,0,0,0,0,11,1,0.00,0.00,0.00,0.00,0.00,Matches
263,Hernâni Fortes,pt POR,"FW,MF",Ferroviária,34-082,1991,5,0,115,1.3,0,0,0,0,0,0,0,0,0.00,0.00,0.00,0.00,0.00,Matches
264,Fransérgio,br BRA,MF,Operário,35-023,1990,11,7,665,7.4,0,0,0,0,0,0,5,1,0.00,0.00,0.00,0.00,0.00,Matches
265,Freitas,br BRA,MF,Remo,22-251,2003,3,0,40,0.4,0,0,0,0,0,0,0,0,0.00,0.00,0.00,0.00,0.00,Matches
266,Gonzalo Freitas,uy URU,"MF,DF",Goiás,34-039,1991,20,9,931,10.3,1,0,1,1,0,0,6,0,0.10,0.00,0.10,0.10,0.10,Matches
267,Luan Freitas,br BRA,DF,Paysandu,24-294,2001,17,15,1407,15.6,0,0,0,0,0,0,3,0,0.00,0.00,0.00,0.00,0.00,Matches
268,Matheus Frizzo,br BRA,"MF,FW",Novorizontino,27-109,1998,33,27,2143,23.8,5,2,7,2,3,3,4,0,0.21,0.08,0.29,0.08,0.17,Matches
269,Diego Fumaca,br BRA,MF,Athletic,30-327,1994,11,8,758,8.4,0,0,0,0,0,0,6,0,0.00,0.00,0.00,0.00,0.00,Matches
270,Marquinhos Gabriel,br BRA,MF,Avaí,35-112,1990,35,35,3093,34.4,4,6,10,4,0,0,4,0,0.12,0.17,0.29,0.12,0.29,Matches
271,Tevis Gabriel,br BRA,"MF,FW",Ath Paranaense,19-286,2006,14,4,510,5.7,1,1,2,1,0,0,0,0,0.18,0.18,0.35,0.18,0.35,Matches
272,Thalisson Gabriel,br BRA,DF,Paysandu,23-294,2002,22,22,1901,21.1,1,1,2,1,0,0,4,1,0.05,0.05,0.09,0.05,0.09,Matches
273,Zé Gabriel,br BRA,"DF,MF",Criciúma,26-293,1999,10,9,675,7.5,0,0,0,0,0,0,2,0,0.00,0.00,0.00,0.00,0.00,Matches
274,Léo Gamalho,br BRA,FW,Botafogo (SP),39-284,1986,8,7,572,6.4,3,0,3,1,2,2,0,0,0.47,0.00,0.47,0.16,0.16,Matches
275,Maurício Garcez,br BRA,"MF,FW",Paysandu,28-239,1997,22,21,1836,20.4,7,4,11,6,1,2,1,0,0.34,0.20,0.54,0.29,0.49,Matches
Rk,Player,Nation,Pos,Squad,Age,Born,MP,Starts,Min,90s,Gls,Ast,G+A,G-PK,PK,PKatt,CrdY,CrdR,Gls,Ast,G+A,G-PK,G+A-PK,Matches
276,Esli García,ve VEN,MF,Goiás,25-119,2000,11,0,252,2.8,1,0,1,1,0,0,1,0,0.36,0.00,0.36,0.36,0.36,Matches
277,Wesley Gasolina,br BRA,DF,Athletic,25-242,2000,19,11,985,10.9,0,0,0,0,0,0,8,1,0.00,0.00,0.00,0.00,0.00,Matches
278,Gaspar,br BRA,FW,Avaí,23-102,2002,18,0,321,3.6,1,1,2,1,0,0,1,0,0.28,0.28,0.56,0.28,0.56,Matches
279,Léo Gaúcho,br BRA,FW,Operário,24-099,2001,8,5,434,4.8,2,0,2,2,0,0,0,0,0.41,0.00,0.41,0.41,0.41,Matches
280,Rafael Gava,br BRA,MF,Goiás,32-174,1993,28,22,1861,20.7,2,4,6,2,0,0,1,0,0.10,0.19,0.29,0.10,0.29,Matches
281,Gazão,br BRA,MF,CRB,23-319,2001,3,0,38,0.4,0,0,0,0,0,0,1,0,0.00,0.00,0.00,0.00,0.00,Matches
282,Gegê,br BRA,MF,CRB,31-286,1994,29,21,1762,19.6,4,2,6,4,0,0,6,0,0.20,0.10,0.31,0.20,0.31,Matches
283,Rodrigo Gelado,br BRA,DF,Athletic,22-043,2003,27,23,2155,23.9,0,0,0,0,0,0,4,0,0.00,0.00,0.00,0.00,0.00,Matches
284,Geovane,br BRA,MF,Coritiba,36-263,1989,15,1,322,3.6,0,0,0,0,0,0,1,0,0.00,0.00,0.00,0.00,0.00,Matches
285,Francisco Geraldes,pt POR,MF,Athletic,30-206,1995,8,2,316,3.5,0,0,0,0,0,0,3,0,0.00,0.00,0.00,0.00,0.00,Matches
286,Getúlio,br BRA,"MF,FW",Chapecoense,28-153,1997,5,2,146,1.6,0,0,0,0,0,0,0,0,0.00,0.00,0.00,0.00,0.00,Matches
287,Jaime Giraldo,co COL,DF,Operário,27-275,1998,12,12,967,10.7,0,1,1,0,0,0,3,0,0.00,0.09,0.09,0.00,0.09,Matches
288,Allan Godói,br BRA,DF,Operário,32-220,1993,10,10,900,10.0,0,1,1,0,0,0,0,0,0.00,0.10,0.10,0.00,0.10,Matches
289,Sebastián Gómez,co COL,MF,Coritiba,29-160,1996,32,32,2686,29.8,2,1,3,2,0,0,9,1,0.07,0.03,0.10,0.07,0.10,Matches
290,Diego Gonçalves,br BRA,"MF,FW",Criciúma,31-111,1994,35,33,2747,30.5,9,3,12,8,1,2,5,0,0.29,0.10,0.39,0.26,0.36,Matches
291,Georgemy Gonçalves,br BRA,GK,Criciúma,30-087,1995,1,0,21,0.2,0,0,0,0,0,0,0,0,0.00,0.00,0.00,0.00,0.00,Matches
292,Mateus Gonçalves Martins,br BRA,MF,Athletic,31-043,1994,1,0,21,0.2,0,0,0,0,0,0,0,0,0.00,0.00,0.00,0.00,0.00,Matches
293,Pedro Gonçalves,br BRA,MF,Paysandu,18-003,2007,4,2,240,2.7,0,0,0,0,0,0,2,0,0.00,0.00,0.00,0.00,0.00,Matches
294,Vagner Gonçalves,cv CPV,"FW,MF",Amazonas,29-304,1996,2,0,37,0.4,0,0,0,0,0,0,0,0,0.00,0.00,0.00,0.00,0.00,Matches
295,Cristian González,uy URU,DF,Remo,29-110,1996,3,2,172,1.9,0,0,0,0,0,0,1,0,0.00,0.00,0.00,0.00,0.00,Matches
296,Felipe Guimarães,br BRA,DF,Coritiba,21-216,2004,2,0,36,0.4,0,0,0,0,0,0,0,0,0.00,0.00,0.00,0.00,0.00,Matches
297,Leo Guimarães,br BRA,GK,Atl Goianiense,23-189,2002,1,1,90,1.0,0,0,0,0,0,0,1,0,0.00,0.00,0.00,0.00,0.00,Matches
298,Philippe Guimarães,br BRA,MF,Amazonas,34-237,1991,5,3,195,2.2,0,0,0,0,0,0,1,0,0.00,0.00,0.00,0.00,0.00,Matches
299,Gustavinho,br BRA,MF,América (MG),24-012,2001,2,0,35,0.4,0,0,0,0,0,0,0,0,0.00,0.00,0.00,0.00,0.00,Matches
300,Gustavo,br BRA,GK,América (MG),32-245,1993,12,12,1080,12.0,0,0,0,0,0,0,2,0,0.00,0.00,0.00,0.00,0.00,Matches
Rk,Player,Nation,Pos,Squad,Age,Born,MP,Starts,Min,90s,Gls,Ast,G+A,G-PK,PK,PKatt,CrdY,CrdR,Gls,Ast,G+A,G-PK,G+A-PK,Matches
301,Habraão,br BRA,DF,Ath Paranaense,24-137,2001,14,14,1097,12.2,0,0,0,0,0,0,2,1,0.00,0.00,0.00,0.00,0.00,Matches
302,Halls,br BRA,GK,Vila Nova,26-146,1999,33,33,2970,33.0,0,0,0,0,0,0,3,0,0.00,0.00,0.00,0.00,0.00,Matches
303,Ezequiel Ham,sy SYR,MF,Atl Goianiense,31-245,1994,10,4,434,4.8,0,1,1,0,0,0,0,0,0.00,0.21,0.21,0.00,0.21,Matches
304,Hayner,br BRA,DF,CRB,30-039,1995,17,6,696,7.7,0,0,0,0,0,0,5,0,0.00,0.00,0.00,0.00,0.00,Matches
305,Héber,br BRA,FW,América (MG),34-092,1991,5,1,136,1.5,0,0,0,0,0,0,0,0,0.00,0.00,0.00,0.00,0.00,Matches
306,Thiago Heleno,br BRA,DF,Paysandu,37-054,1988,11,9,845,9.4,1,1,2,1,0,0,1,0,0.11,0.11,0.21,0.11,0.21,Matches
307,Heliardo,br BRA,FW,Volta Redonda,33-331,1991,3,3,195,2.2,0,0,0,0,0,0,1,0,0.00,0.00,0.00,0.00,0.00,Matches
308,Henri,br BRA,DF,CRB,23-264,2002,34,34,3060,34.0,0,1,1,0,0,0,6,0,0.00,0.03,0.03,0.00,0.03,Matches
309,Dalbert Henrique,br BRA,DF,América (MG),32-063,1993,3,1,53,0.6,0,0,0,0,0,0,0,0,0.00,0.00,0.00,0.00,0.00,Matches
310,Fernando Henrique,br BRA,MF,CRB,24-162,2001,9,4,330,3.7,0,0,0,0,0,0,2,0,0.00,0.00,0.00,0.00,0.00,Matches
311,Igor Henrique,br BRA,MF,Vila Nova,33-325,1991,26,23,1702,18.9,3,0,3,3,0,0,6,1,0.16,0.00,0.16,0.16,0.16,Matches
312,Luiz Henrique,br BRA,"DF,MF",Criciúma,26-237,1999,19,9,875,9.7,0,1,1,0,0,0,5,0,0.00,0.10,0.10,0.00,0.10,Matches
313,Marcelo Henrique,br BRA,DF,Cuiabá,20-254,2005,11,9,719,8.0,0,1,1,0,0,0,4,0,0.00,0.13,0.13,0.00,0.13,Matches
314,Ronaldo Henrique,br BRA,MF,Paysandu,31-136,1994,15,12,886,9.8,0,1,1,0,0,0,3,0,0.00,0.10,0.10,0.00,0.10,Matches
315,Breno Herculano,br BRA,FW,Goiás,26-267,1999,1,0,16,0.2,0,0,0,0,0,0,1,0,0.00,0.00,0.00,0.00,0.00,Matches
316,Breno Herculano,br BRA,FW,CRB,26-267,1999,25,11,1052,11.7,5,0,5,5,0,0,4,0,0.43,0.00,0.43,0.43,0.43,Matches
317,Marcelo Hermes,br BRA,"MF,DF",Criciúma,30-282,1995,12,12,1080,12.0,2,3,5,2,0,1,2,0,0.17,0.25,0.42,0.17,0.42,Matches
318,Diego Hernández,uy URU,"MF,FW",Remo,25-141,2000,13,10,715,7.9,3,2,5,3,0,0,3,0,0.38,0.25,0.63,0.38,0.63,Matches
319,Heron,br BRA,DF,Atl Goianiense,25-085,2000,6,2,201,2.2,0,0,0,0,0,0,0,0,0.00,0.00,0.00,0.00,0.00,Matches
320,Hiago,br BRA,DF,Criciúma,20-069,2005,1,0,45,0.5,0,0,0,0,0,0,1,0,0.00,0.00,0.00,0.00,0.00,Matches
321,Higor,br BRA,"DF,MF",Vila Nova,20-318,2004,16,7,763,8.5,0,1,1,0,0,0,3,0,0.00,0.12,0.12,0.00,0.12,Matches
322,Kaua Hinkel,br BRA,MF,Paysandu,19-078,2006,1,0,4,0.0,0,0,0,0,0,0,0,0,0.00,0.00,0.00,0.00,0.00,Matches
323,Hudson,br BRA,MF,Criciúma,24-300,2001,4,0,106,1.2,0,0,0,0,0,0,0,0,0.00,0.00,0.00,0.00,0.00,Matches
324,José Hugo,br BRA,MF,Goiás,26-024,1999,6,1,174,1.9,0,0,0,0,0,0,0,0,0.00,0.00,0.00,0.00,0.00,Matches
325,José Hugo,br BRA,MF,Ferroviária,26-024,1999,8,1,183,2.0,0,0,0,0,0,0,0,0,0.00,0.00,0.00,0.00,0.00,Matches
Rk,Player,Nation,Pos,Squad,Age,Born,MP,Starts,Min,90s,Gls,Ast,G+A,G-PK,PK,PKatt,CrdY,CrdR,Gls,Ast,G+A,G-PK,G+A-PK,Matches
326,Victor Hugo,br BRA,MF,Amazonas,21-184,2004,6,1,227,2.5,0,0,0,0,0,0,0,0,0.00,0.00,0.00,0.00,0.00,Matches
327,Hygor,br BRA,"FW,MF",Avaí,33-089,1992,26,10,808,9.0,2,0,2,2,0,0,2,0,0.22,0.00,0.22,0.22,0.22,Matches
328,Hyuri,br BRA,FW,Volta Redonda,34-045,1991,7,4,327,3.6,0,0,0,0,0,0,2,0,0.00,0.00,0.00,0.00,0.00,Matches
329,Gabriel Indio,br BRA,FW,Athletic,20-232,2005,4,0,37,0.4,0,0,0,0,0,0,0,0,0.00,0.00,0.00,0.00,0.00,Matches
330,Gabriel Inocêncio,br BRA,MF,Chapecoense,31-082,1994,12,5,439,4.9,1,1,2,1,0,0,0,1,0.21,0.21,0.41,0.21,0.41,Matches
331,Igor Inocêncio,br BRA,DF,Vila Nova,27-204,1998,6,1,194,2.2,0,0,0,0,0,0,0,0,0.00,0.00,0.00,0.00,0.00,Matches
332,Isaac,br BRA,MF,Ath Paranaense,21-200,2004,10,3,324,3.6,0,0,0,0,0,0,1,1,0.00,0.00,0.00,0.00,0.00,Matches
333,Fabrício Isidoro,br BRA,MF,Athletic,33-286,1992,18,16,1343,14.9,0,0,0,0,0,0,3,0,0.00,0.00,0.00,0.00,0.00,Matches
334,Italo,br BRA,FW,Volta Redonda,29-003,1996,18,15,1180,13.1,2,2,4,2,0,0,2,0,0.15,0.15,0.31,0.15,0.31,Matches
335,Italo,br BRA,"FW,MF",Chapecoense,23-028,2002,34,6,1150,12.8,5,2,7,5,0,0,4,0,0.39,0.16,0.55,0.39,0.55,Matches
336,Iverton,br BRA,DF,Amazonas,24-225,2001,6,5,393,4.4,0,0,0,0,0,0,2,0,0.00,0.00,0.00,0.00,0.00,Matches
337,Jacy,br BRA,MF,Operário,28-122,1997,5,4,352,3.9,0,0,0,0,0,0,1,0,0.00,0.00,0.00,0.00,0.00,Matches
338,Jacy,br BRA,DF,Coritiba,28-122,1997,25,24,2141,23.8,1,0,1,1,0,0,3,0,0.04,0.00,0.04,0.04,0.04,Matches
339,Jader,br BRA,MF,Cuiabá,22-109,2003,14,7,617,6.9,2,0,2,2,0,0,4,0,0.29,0.00,0.29,0.29,0.29,Matches
340,Jáderson,br BRA,MF,Remo,25-090,2000,25,17,1424,15.8,1,0,1,1,0,0,1,0,0.06,0.00,0.06,0.06,0.06,Matches
341,Jadson,br BRA,MF,Cuiabá,20-092,2005,16,1,411,4.6,0,1,1,0,0,0,3,0,0.00,0.22,0.22,0.00,0.22,Matches
342,Thomas Jaguaribe,br BRA,"FW,MF",Chapecoense,32-259,1993,2,0,15,0.2,0,0,0,0,0,0,0,0,0.00,0.00,0.00,0.00,0.00,Matches
343,Jajá,br BRA,"FW,MF",Goiás,26-363,1998,29,16,1237,13.7,4,1,5,4,0,0,6,0,0.29,0.07,0.36,0.29,0.36,Matches
344,Jamerson,br BRA,MF,Avaí,19-019,2006,11,1,363,4.0,0,0,0,0,0,0,3,0,0.00,0.00,0.00,0.00,0.00,Matches
345,Janderson,br BRA,"MF,FW",Remo,26-257,1999,26,13,1235,13.7,0,4,4,0,0,0,2,0,0.00,0.29,0.29,0.00,0.29,Matches
346,Jean,br BRA,DF,Botafogo (SP),31-132,1994,15,6,671,7.5,0,0,0,0,0,0,2,0,0.00,0.00,0.00,0.00,0.00,Matches
347,Jean,br BRA,MF,Novorizontino,31-045,1994,26,20,1556,17.3,3,0,3,3,0,0,8,1,0.17,0.00,0.17,0.17,0.17,Matches
348,Jeferson,br BRA,DF,Botafogo (SP),29-141,1996,28,24,2050,22.8,0,1,1,0,0,0,5,0,0.00,0.04,0.04,0.00,0.04,Matches
349,Jefferson,br BRA,DF,Operário,28-311,1997,6,2,212,2.4,0,0,0,0,0,0,0,0,0.00,0.00,0.00,0.00,0.00,Matches
350,Alexandre Jesus,br BRA,FW,Botafogo (SP),24-055,2001,17,15,1299,14.4,4,0,4,4,0,0,0,0,0.28,0.00,0.28,0.28,0.28,Matches
Rk,Player,Nation,Pos,Squad,Age,Born,MP,Starts,Min,90s,Gls,Ast,G+A,G-PK,PK,PKatt,CrdY,CrdR,Gls,Ast,G+A,G-PK,G+A-PK,Matches
351,Anderson Jesus,br BRA,DF,CRB,30-253,1995,1,1,77,0.9,0,0,0,0,0,0,1,0,0.00,0.00,0.00,0.00,0.00,Matches
352,Anderson Jesus,br BRA,DF,Avaí,30-253,1995,3,1,168,1.9,0,0,0,0,0,0,0,0,0.00,0.00,0.00,0.00,0.00,Matches
353,Jhemerson,br BRA,MF,Operário,28-287,1997,6,0,144,1.6,0,0,0,0,0,0,0,0,0.00,0.00,0.00,0.00,0.00,Matches
354,Jhonnathan,br BRA,DF,Chapecoense,24-251,2001,3,1,139,1.5,0,0,0,0,0,0,1,0,0.00,0.00,0.00,0.00,0.00,Matches
355,Jhonny,br BRA,"DF,MF",Volta Redonda,23-208,2002,28,22,1932,21.5,0,2,2,0,0,0,1,0,0.00,0.09,0.09,0.00,0.09,Matches
356,Jhosefer,br BRA,MF,América (MG),21-246,2004,10,2,308,3.4,0,0,0,0,0,0,3,0,0.00,0.00,0.00,0.00,0.00,Matches
357,João,br BRA,FW,Paysandu,28-241,1997,3,0,61,0.7,0,0,0,0,0,0,0,0,0.00,0.00,0.00,0.00,0.00,Matches
358,Jonathan,br BRA,"DF,MF",Criciúma,33-077,1992,4,4,272,3.0,1,0,1,1,0,0,0,0,0.33,0.00,0.33,0.33,0.33,Matches
359,Jorge,br BRA,DF,Remo,29-227,1996,7,5,437,4.9,0,0,0,0,0,0,0,0,0.00,0.00,0.00,0.00,0.00,Matches
360,Bruno José,br BRA,"MF,FW",Novorizontino,27-224,1998,31,16,1355,15.1,1,2,3,1,0,0,3,0,0.07,0.13,0.20,0.07,0.20,Matches
361,David José,br BRA,MF,América (MG),23-180,2002,6,1,108,1.2,0,0,0,0,0,0,0,0,0.00,0.00,0.00,0.00,0.00,Matches
362,Joseph,br BRA,DF,Operário,30-315,1994,19,19,1696,18.8,0,0,0,0,0,0,9,0,0.00,0.00,0.00,0.00,0.00,Matches
363,Josmar,br BRA,FW,Avaí,17-080,2008,1,0,18,0.2,1,0,1,1,0,0,0,0,5.00,0.00,5.00,5.00,5.00,Matches
364,Juan,br BRA,"MF,FW",Cuiabá,24-245,2001,32,16,1489,16.5,4,3,7,4,0,0,4,0,0.24,0.18,0.42,0.24,0.42,Matches
365,Judson,br BRA,MF,Avaí,32-169,1993,2,2,90,1.0,0,0,0,0,0,0,1,0,0.00,0.00,0.00,0.00,0.00,Matches
366,Julimar,br BRA,"FW,MF",Ath Paranaense,24-289,2001,11,5,560,6.2,4,2,6,3,1,1,0,0,0.64,0.32,0.96,0.48,0.80,Matches
367,Juninho,br BRA,"DF,MF",Volta Redonda,26-105,1999,9,3,353,3.9,0,0,0,0,0,0,2,0,0.00,0.00,0.00,0.00,0.00,Matches
368,Juninho,br BRA,MF,Criciúma,24-291,2001,17,5,647,7.2,1,1,2,1,0,0,3,0,0.14,0.14,0.28,0.14,0.28,Matches
369,Juninho,br BRA,MF,Goiás,38-018,1987,34,32,2758,30.6,1,2,3,1,0,0,5,0,0.03,0.07,0.10,0.03,0.10,Matches
370,Juninho,br BRA,"MF,FW",Ferroviária,30-068,1995,33,28,2072,23.0,6,6,12,5,1,1,5,0,0.26,0.26,0.52,0.22,0.48,Matches
371,Juninho,br BRA,FW,Avaí,21-148,2004,4,0,29,0.3,0,0,0,0,0,0,0,0,0.00,0.00,0.00,0.00,0.00,Matches
372,Edílson Júnior,br BRA,"DF,MF",Paysandu,30-211,1995,25,16,1614,17.9,0,2,2,0,0,0,3,0,0.00,0.11,0.11,0.00,0.11,Matches
373,Eliton Junior,br BRA,FW,Amazonas,27-288,1998,5,1,168,1.9,0,0,0,0,0,0,0,0,0.00,0.00,0.00,0.00,0.00,Matches
374,Todinho Júnior,br BRA,"MF,FW",Vila Nova,31-332,1993,25,17,1426,15.8,5,1,6,5,0,0,4,0,0.32,0.06,0.38,0.32,0.38,Matches
375,Valdir Júnior,br BRA,DF,Atl Goianiense,25-172,2000,11,5,429,4.8,0,0,0,0,0,0,2,0,0.00,0.00,0.00,0.00,0.00,Matches
Rk,Player,Nation,Pos,Squad,Age,Born,MP,Starts,Min,90s,Gls,Ast,G+A,G-PK,PK,PKatt,CrdY,CrdR,Gls,Ast,G+A,G-PK,G+A-PK,Matches
376,Pedrinho Junqueira,br BRA,"MF,FW",Goiás,21-232,2004,24,18,1361,15.1,1,3,4,1,0,0,3,0,0.07,0.20,0.26,0.07,0.26,Matches
377,Kadu,br BRA,DF,Remo,20-086,2005,7,1,212,2.4,0,1,1,0,0,0,1,0,0.00,0.42,0.42,0.00,0.42,Matches
378,Lucas Kallyel,br BRA,MF,CRB,21-254,2004,10,4,385,4.3,0,1,1,0,0,0,2,0,0.00,0.23,0.23,0.00,0.23,Matches
379,Alan Kardec,br BRA,FW,Ath Paranaense,36-302,1989,26,14,1081,12.0,5,0,5,5,0,1,3,0,0.42,0.00,0.42,0.42,0.42,Matches
380,Kauã,br BRA,FW,Operário,22-006,2003,3,0,103,1.1,0,0,0,0,0,0,1,0,0.00,0.00,0.00,0.00,0.00,Matches
381,Kauan,br BRA,MF,América (MG),19-290,2006,2,0,16,0.2,0,0,0,0,0,0,0,0,0.00,0.00,0.00,0.00,0.00,Matches
382,Kauan,br BRA,MF,Atl Goianiense,20-208,2005,31,16,1535,17.1,0,0,0,0,0,0,3,0,0.00,0.00,0.00,0.00,0.00,Matches
383,Kelvin,br BRA,"MF,FW",Atl Goianiense,28-084,1997,19,6,877,9.7,2,2,4,2,0,0,2,0,0.21,0.21,0.41,0.21,0.41,Matches
384,Kevin,br BRA,DF,Ferroviária,28-064,1997,15,3,508,5.6,0,1,1,0,0,0,0,0,0.00,0.18,0.18,0.00,0.18,Matches
385,Kevyn,br BRA,DF,Paysandu,27-317,1997,1,0,45,0.5,0,0,0,0,0,0,0,0,0.00,0.00,0.00,0.00,0.00,Matches
386,Kiko,br BRA,MF,Amazonas,28-237,1997,5,1,136,1.5,0,0,0,0,0,0,1,0,0.00,0.00,0.00,0.00,0.00,Matches
387,Willian Klaus,br BRA,DF,Remo,31-303,1994,25,25,2164,24.0,0,0,0,0,0,0,2,0,0.00,0.00,0.00,0.00,0.00,Matches
388,Kleiton,br BRA,MF,Operário,26-201,1999,15,2,511,5.7,0,1,1,0,0,0,1,0,0.00,0.18,0.18,0.00,0.18,Matches
389,Maurício Kozlinski,br BRA,GK,Vila Nova,34-145,1991,3,3,270,3.0,0,0,0,0,0,0,0,0,0.00,0.00,0.00,0.00,0.00,Matches
390,Facundo Labandeira,uy URU,MF,América (MG),29-252,1996,5,3,202,2.2,0,0,0,0,0,0,0,0,0.00,0.00,0.00,0.00,0.00,Matches
391,Facundo Labandeira,uy URU,MF,Vila Nova,29-252,1996,7,6,395,4.4,2,0,2,2,0,0,2,0,0.46,0.00,0.46,0.46,0.46,Matches
392,Derik Lacerda,br BRA,"FW,MF",Cuiabá,26-044,1999,15,15,1255,13.9,2,1,3,1,1,2,1,0,0.14,0.07,0.22,0.07,0.14,Matches
393,Anderson Leite,br BRA,MF,Paysandu,32-190,1993,16,12,1085,12.1,1,0,1,1,0,0,3,0,0.08,0.00,0.08,0.08,0.08,Matches
394,Lelê,br BRA,FW,Atl Goianiense,28-040,1997,15,15,1225,13.6,6,1,7,6,0,0,3,0,0.44,0.07,0.51,0.44,0.51,Matches
395,Léo,br BRA,GK,Chapecoense,35-049,1990,23,23,2060,22.9,0,0,0,0,0,0,4,0,0.00,0.00,0.00,0.00,0.00,Matches
396,Leonardo,br BRA,GK,Remo,26-097,1999,2,1,104,1.2,0,0,0,0,0,0,1,0,0.00,0.00,0.00,0.00,0.00,Matches
397,Bruno Leonardo,br BRA,DF,Chapecoense,29-161,1996,25,22,1853,20.6,0,1,1,0,0,0,6,0,0.00,0.05,0.05,0.00,0.05,Matches
398,Leozinho,br BRA,"FW,MF",Ath Paranaense,26-340,1998,19,7,773,8.6,2,1,3,2,0,0,1,0,0.23,0.12,0.35,0.23,0.35,Matches
399,Willean Lepo,br BRA,DF,Goiás,28-298,1997,29,28,2482,27.6,0,4,4,0,0,0,4,0,0.00,0.15,0.15,0.00,0.15,Matches
400,André Lima,br BRA,MF,Paysandu,25-217,2000,22,14,1314,14.6,1,0,1,1,0,0,5,0,0.07,0.00,0.07,0.07,0.07,Matches
Rk,Player,Nation,Pos,Squad,Age,Born,MP,Starts,Min,90s,Gls,Ast,G+A,G-PK,PK,PKatt,CrdY,CrdR,Gls,Ast,G+A,G-PK,G+A-PK,Matches
401,Sandro Lima,br BRA,FW,Atl Goianiense,35-013,1990,17,12,1080,12.0,3,1,4,3,0,0,2,0,0.25,0.08,0.33,0.25,0.33,Matches
402,Nicolás Linares,ar ARG,MF,Amazonas,29-249,1996,7,6,423,4.7,0,0,0,0,0,0,1,0,0.00,0.00,0.00,0.00,0.00,Matches
403,Lincoln,br BRA,FW,Athletic,24-329,2000,6,4,304,3.4,2,0,2,2,0,0,0,0,0.59,0.00,0.59,0.59,0.59,Matches
404,Kauan Lindes,br BRA,MF,Athletic,21-347,2003,6,2,231,2.6,0,0,0,0,0,0,0,0,0.00,0.00,0.00,0.00,0.00,Matches
405,Guilherme Lobo,br BRA,MF,Criciúma,26-027,1999,27,25,1851,20.6,1,1,2,1,0,0,5,0,0.05,0.05,0.10,0.05,0.10,Matches
406,João Lopes,br BRA,GK,Amazonas,29-298,1996,4,4,360,4.0,0,0,0,0,0,0,1,0,0.00,0.00,0.00,0.00,0.00,Matches
407,Thiago Lopes,br BRA,"MF,FW",Ferroviária,29-014,1996,32,16,1560,17.3,4,1,5,4,0,0,4,0,0.23,0.06,0.29,0.23,0.29,Matches
408,Lucas Lovat,br BRA,"DF,MF",Goiás,28-299,1997,12,9,756,8.4,1,0,1,1,0,0,5,0,0.12,0.00,0.12,0.12,0.12,Matches
409,Vágner Love,br BRA,FW,Avaí,41-152,1984,4,0,53,0.6,0,0,0,0,0,0,0,0,0.00,0.00,0.00,0.00,0.00,Matches
410,Lucão,br BRA,DF,América (MG),29-232,1996,35,35,3150,35.0,1,0,1,1,0,0,2,0,0.03,0.00,0.03,0.03,0.03,Matches
411,Edson Lucas,br BRA,DF,Ferroviária,25-103,2000,15,13,1126,12.5,1,1,2,1,0,0,3,0,0.08,0.08,0.16,0.08,0.16,Matches
412,Jean Lucas,br BRA,MF,Operário,30-234,1995,2,0,39,0.4,0,0,0,0,0,0,0,0,0.00,0.00,0.00,0.00,0.00,Matches
413,Matheus Lucas,br BRA,FW,Volta Redonda,27-094,1998,23,3,714,7.9,4,0,4,4,0,0,4,0,0.50,0.00,0.50,0.50,0.50,Matches
414,Pedro Lucas,br BRA,MF,Operário,23-107,2002,9,3,313,3.5,0,1,1,0,0,0,2,0,0.00,0.29,0.29,0.00,0.29,Matches
415,Ruan Lucas,br BRA,MF,Coritiba,21-204,2004,6,1,205,2.3,0,0,0,0,0,0,1,0,0.00,0.00,0.00,0.00,0.00,Matches
416,Lucca,br BRA,FW,Novorizontino,35-269,1990,17,4,436,4.8,2,1,3,2,0,0,2,0,0.41,0.21,0.62,0.41,0.62,Matches
417,Lucca,br BRA,DF,Paysandu,22-228,2003,2,1,71,0.8,0,0,0,0,0,0,0,0,0.00,0.00,0.00,0.00,0.00,Matches
418,Patrick de Lucca,br BRA,"MF,DF",Cuiabá,25-253,2000,24,12,1286,14.3,1,1,2,1,0,0,4,0,0.07,0.07,0.14,0.07,0.14,Matches
419,Ian Luccas,br BRA,MF,Ferroviária,22-272,2003,18,7,706,7.8,0,0,0,0,0,0,0,0,0.00,0.00,0.00,0.00,0.00,Matches
420,Thomas Luciano,br BRA,DF,Amazonas,23-300,2002,10,10,669,7.4,0,1,1,0,0,0,1,0,0.00,0.13,0.13,0.00,0.13,Matches
421,André Luis,br BRA,"FW,MF",Vila Nova,28-203,1997,21,13,1055,11.7,1,1,2,1,0,0,3,0,0.09,0.09,0.17,0.09,0.17,Matches
422,André Luis,br BRA,"FW,MF",Cuiabá,28-203,1997,1,0,29,0.3,0,0,0,0,0,0,0,0,0.00,0.00,0.00,0.00,0.00,Matches
423,Jefferson Luis,br BRA,GK,Athletic,31-119,1994,8,7,695,7.7,0,0,0,0,0,0,2,0,0.00,0.00,0.00,0.00,0.00,Matches
424,Luisão,br BRA,DF,Cuiabá,20-116,2005,2,0,32,0.4,0,0,0,0,0,0,0,0,0.00,0.00,0.00,0.00,0.00,Matches
425,André Luiz,br BRA,MF,Volta Redonda,30-080,1995,29,20,1740,19.3,2,1,3,2,0,0,3,0,0.10,0.05,0.16,0.10,0.16,Matches
Rk,Player,Nation,Pos,Squad,Age,Born,MP,Starts,Min,90s,Gls,Ast,G+A,G-PK,PK,PKatt,CrdY,CrdR,Gls,Ast,G+A,G-PK,G+A-PK,Matches
426,Wallisson Luiz,br BRA,MF,Coritiba,28-048,1997,29,17,1361,15.1,1,0,1,1,0,0,10,0,0.07,0.00,0.07,0.07,0.07,Matches
427,Luizão,br BRA,"MF,DF",Atl Goianiense,27-263,1998,26,21,1784,19.8,2,1,3,2,0,0,6,0,0.10,0.05,0.15,0.10,0.15,Matches
428,Luquinha,br BRA,MF,Amazonas,25-247,2000,4,2,197,2.2,0,0,0,0,0,0,0,1,0.00,0.00,0.00,0.00,0.00,Matches
429,Machado,br BRA,MF,Coritiba,29-294,1996,33,24,1822,20.2,0,2,2,0,0,0,6,1,0.00,0.10,0.10,0.00,0.10,Matches
430,Kaíque Maciel,br BRA,DF,Chapecoense,24-283,2001,2,0,36,0.4,0,0,0,0,0,0,0,0,0.00,0.00,0.00,0.00,0.00,Matches
431,Leandro Maciel,ar ARG,MF,Botafogo (SP),29-316,1995,32,25,2251,25.0,3,1,4,2,1,1,10,0,0.12,0.04,0.16,0.08,0.12,Matches
432,Madison,br BRA,MF,Remo,27-125,1998,2,0,32,0.4,0,0,0,0,0,0,0,0,0.00,0.00,0.00,0.00,0.00,Matches
433,Mádson,br BRA,"DF,MF",Ath Paranaense,33-301,1992,2,0,102,1.1,0,0,0,0,0,0,0,0,0.00,0.00,0.00,0.00,0.00,Matches
434,Igor Maduro,br BRA,MF,Volta Redonda,24-252,2001,5,0,101,1.1,0,0,0,0,0,0,1,0,0.00,0.00,0.00,0.00,0.00,Matches
435,Maguinho,br BRA,"MF,DF",América (MG),32-308,1993,6,4,396,4.4,1,0,1,1,0,0,1,0,0.23,0.00,0.23,0.23,0.23,Matches
436,Gustavo Maia,br BRA,FW,Criciúma,24-292,2001,1,0,1,0.0,0,0,0,0,0,0,0,0,0.00,0.00,0.00,0.00,0.00,Matches
437,Walisson Maia,br BRA,DF,Vila Nova,34-081,1991,15,9,939,10.4,0,1,1,0,0,0,3,1,0.00,0.10,0.10,0.00,0.10,Matches
438,Maicon,br BRA,DF,Coritiba,37-057,1988,29,27,2498,27.8,1,1,2,1,0,0,7,1,0.04,0.04,0.07,0.04,0.07,Matches
439,Mailson,br BRA,FW,Chapecoense,22-183,2003,13,2,286,3.2,0,1,1,0,0,0,1,0,0.00,0.31,0.31,0.00,0.31,Matches
440,Léo Mana,br BRA,MF,Criciúma,21-218,2004,6,1,174,1.9,0,0,0,0,0,0,2,0,0.00,0.00,0.00,0.00,0.00,Matches
441,Mancha,br BRA,DF,Chapecoense,24-270,2001,4,0,32,0.4,0,0,0,0,0,0,1,0,0.00,0.00,0.00,0.00,0.00,Matches
442,Alef Manga,br BRA,FW,Avaí,30-346,1994,23,10,988,11.0,3,2,5,2,1,1,4,0,0.27,0.18,0.46,0.18,0.36,Matches
443,Guilherme Maranhão,br BRA,FW,Atl Goianiense,29-223,1996,7,1,188,2.1,1,0,1,1,0,0,0,1,0.48,0.00,0.48,0.48,0.48,Matches
444,Willian Maranhão,br BRA,MF,Atl Goianiense,29-331,1995,14,13,982,10.9,1,1,2,1,0,0,3,0,0.09,0.09,0.18,0.09,0.18,Matches
445,Marcelinho,br BRA,DF,Remo,27-113,1998,25,22,1742,19.4,2,2,4,2,0,0,8,0,0.10,0.10,0.21,0.10,0.21,Matches
446,Marcelinho,br BRA,"MF,FW",Atl Goianiense,22-334,2002,14,14,1063,11.8,4,3,7,3,1,1,3,1,0.34,0.25,0.59,0.25,0.51,Matches
447,Marcelinho,br BRA,"MF,FW",Paysandu,26-301,1999,19,5,634,7.0,1,1,2,1,0,0,0,0,0.14,0.14,0.28,0.14,0.28,Matches
448,Marcelo,br BRA,DF,Criciúma,29-307,1996,15,11,914,10.2,0,0,0,0,0,0,4,0,0.00,0.00,0.00,0.00,0.00,Matches
449,Marcinho,br BRA,"MF,DF",Criciúma,29-178,1996,28,27,2251,25.0,2,5,7,2,0,0,8,2,0.08,0.20,0.28,0.08,0.28,Matches
450,Marcinho,br BRA,MF,Chapecoense,30-105,1995,20,2,395,4.4,0,4,4,0,0,0,2,0,0.00,0.91,0.91,0.00,0.91,Matches
Rk,Player,Nation,Pos,Squad,Age,Born,MP,Starts,Min,90s,Gls,Ast,G+A,G-PK,PK,PKatt,CrdY,CrdR,Gls,Ast,G+A,G-PK,G+A-PK,Matches
451,Marcinho,br BRA,"FW,MF",Chapecoense,30-155,1995,31,31,2190,24.3,4,3,7,4,0,0,4,0,0.16,0.12,0.29,0.16,0.29,Matches
452,Mariano,br BRA,"DF,MF",América (MG),39-140,1986,21,16,1448,16.1,0,1,1,0,0,0,5,0,0.00,0.06,0.06,0.00,0.06,Matches
453,Guilherme Mariano,br BRA,DF,Cuiabá,25-333,1999,16,5,664,7.4,0,1,1,0,0,0,2,0,0.00,0.14,0.14,0.00,0.14,Matches
454,Zé Mário,br BRA,DF,Ferroviária,33-263,1992,19,12,1064,11.8,0,1,1,0,0,0,5,1,0.00,0.08,0.08,0.00,0.08,Matches
455,Marllon,br BRA,MF,Athletic,18-012,2007,1,0,45,0.5,0,0,0,0,0,0,0,0,0.00,0.00,0.00,0.00,0.00,Matches
456,Marlon,br BRA,DF,América (MG),31-270,1994,18,17,1509,16.8,1,0,1,1,0,0,3,0,0.06,0.00,0.06,0.06,0.06,Matches
457,Marlon,br BRA,MF,Novorizontino,35-257,1990,18,10,871,9.7,1,2,3,1,0,0,4,0,0.10,0.21,0.31,0.10,0.31,Matches
458,Marlon,br BRA,"MF,FW",Paysandu,28-056,1997,30,25,1926,21.4,4,1,5,2,2,2,8,0,0.19,0.05,0.23,0.09,0.14,Matches
459,Marlon,br BRA,DF,Chapecoense,28-082,1997,3,0,54,0.6,0,0,0,0,0,0,0,0,0.00,0.00,0.00,0.00,0.00,Matches
460,Igor Marques,br BRA,"DF,MF",Novorizontino,26-306,1999,12,6,585,6.5,0,0,0,0,0,0,1,0,0.00,0.00,0.00,0.00,0.00,Matches
461,Renato Marques,br BRA,FW,América (MG),21-336,2003,4,0,52,0.6,0,0,0,0,0,0,2,0,0.00,0.00,0.00,0.00,0.00,Matches
462,Marquinho,br BRA,MF,Botafogo (SP),23-219,2002,23,11,1181,13.1,3,1,4,0,3,3,0,0,0.23,0.08,0.30,0.00,0.08,Matches
463,Marquinhos,br BRA,"MF,FW",Volta Redonda,27-162,1998,9,3,386,4.3,2,0,2,2,0,0,0,0,0.47,0.00,0.47,0.47,0.47,Matches
464,Marrony,br BRA,"MF,FW",Remo,26-278,1999,16,11,809,9.0,2,0,2,1,1,1,3,0,0.22,0.00,0.22,0.11,0.11,Matches
465,Elias Martello Curzel,br BRA,GK,Operário,30-121,1995,33,33,2970,33.0,0,0,0,0,0,0,2,0,0.00,0.00,0.00,0.00,0.00,Matches
466,Alejandro Martínez,ar ARG,"MF,FW",Cuiabá,28-208,1997,17,16,1308,14.5,2,1,3,2,0,0,2,0,0.14,0.07,0.21,0.14,0.21,Matches
467,Federico Martínez,uy URU,"MF,FW",Atl Goianiense,29-255,1996,31,18,1583,17.6,2,5,7,2,0,1,3,0,0.11,0.28,0.40,0.11,0.40,Matches
468,Fernando Martínez,py PAR,MF,Athletic,31-181,1994,17,7,745,8.3,0,0,0,0,0,0,4,1,0.00,0.00,0.00,0.00,0.00,Matches
469,Ramón Martínez,py PAR,"MF,DF",Paysandu,29-310,1996,13,7,558,6.2,0,0,0,0,0,0,0,0,0.00,0.00,0.00,0.00,0.00,Matches
470,Adriano Martins,br BRA,DF,Atl Goianiense,28-223,1997,18,18,1575,17.5,2,1,3,2,0,0,3,0,0.11,0.06,0.17,0.11,0.17,Matches
471,Gabryel Martins,br BRA,FW,Remo,23-333,2001,1,0,15,0.2,0,0,0,0,0,0,0,0,0.00,0.00,0.00,0.00,0.00,Matches
472,Luan Martins,br BRA,MF,Remo,26-021,1999,14,11,916,10.2,1,0,1,1,0,0,7,0,0.10,0.00,0.10,0.10,0.10,Matches
473,Pedro Martins,br BRA,MF,Chapecoense,25-135,2000,18,4,645,7.2,0,0,0,0,0,0,3,0,0.00,0.00,0.00,0.00,0.00,Matches
474,Diogo Mateus,br BRA,DF,Operário,32-270,1993,21,16,1354,15.0,0,0,0,0,0,0,6,0,0.00,0.00,0.00,0.00,0.00,Matches
475,Fellipe Mateus,br BRA,"MF,FW",Criciúma,34-271,1991,15,2,384,4.3,1,1,2,1,0,0,2,0,0.23,0.23,0.47,0.23,0.47,Matches
Rk,Player,Nation,Pos,Squad,Age,Born,MP,Starts,Min,90s,Gls,Ast,G+A,G-PK,PK,PKatt,CrdY,CrdR,Gls,Ast,G+A,G-PK,G+A-PK,Matches
476,Fábio Matheus,br BRA,"MF,DF",Novorizontino,22-211,2003,27,24,2074,23.0,0,1,1,0,0,0,8,2,0.00,0.04,0.04,0.00,0.04,Matches
477,Matheusinho,br BRA,"DF,MF",Cuiabá,27-034,1998,31,31,2598,28.9,4,5,9,4,0,0,9,0,0.14,0.17,0.31,0.14,0.31,Matches
478,Bruno Matias,br BRA,MF,Chapecoense,26-259,1999,25,25,2150,23.9,0,0,0,0,0,0,3,1,0.00,0.00,0.00,0.00,0.00,Matches
479,Max,br BRA,MF,Athletic,23-135,2002,27,22,1745,19.4,2,0,2,2,0,0,2,0,0.10,0.00,0.10,0.10,0.10,Matches
480,Max,br BRA,"MF,FW",Cuiabá,24-182,2001,30,27,2317,25.7,2,4,6,2,0,0,5,2,0.08,0.16,0.23,0.08,0.23,Matches
481,Maxwell,br BRA,MF,Remo,30-272,1995,5,0,114,1.3,0,0,0,0,0,0,0,0,0.00,0.00,0.00,0.00,0.00,Matches
482,Maycon,br BRA,DF,Ferroviária,27-173,1998,18,14,1315,14.6,0,0,0,0,0,0,2,0,0.00,0.00,0.00,0.00,0.00,Matches
483,Mayk,br BRA,"DF,MF",Novorizontino,26-071,1999,19,17,1446,16.1,0,1,1,0,0,0,0,0,0.00,0.06,0.06,0.00,0.06,Matches
484,Thiago Medeiros,br BRA,MF,Operário,21-307,2004,1,0,45,0.5,0,0,0,0,0,0,0,0,0.00,0.00,0.00,0.00,0.00,Matches
485,Gustavo Medina,br BRA,DF,Ferroviária,24-124,2001,25,25,2120,23.6,1,1,2,1,0,0,9,1,0.04,0.04,0.08,0.04,0.08,Matches
486,Matheus Mega,br BRA,MF,Athletic,26-062,1999,1,0,22,0.2,0,0,0,0,0,0,0,0,0.00,0.00,0.00,0.00,0.00,Matches
487,Bruno Melo,br BRA,DF,Coritiba,33-015,1992,27,24,2038,22.6,2,1,3,2,0,0,9,1,0.09,0.04,0.13,0.09,0.13,Matches
488,Eduardo Melo,br BRA,FW,Remo,24-181,2001,6,2,182,2.0,1,0,1,1,0,0,1,0,0.49,0.00,0.49,0.49,0.49,Matches
489,Nathan Melo,br BRA,MF,CRB,24-235,2001,1,0,17,0.2,0,0,0,0,0,0,0,0,0.00,0.00,0.00,0.00,0.00,Matches
490,Nathan Melo,br BRA,MF,Vila Nova,24-235,2001,5,1,132,1.5,0,0,0,0,0,0,2,0,0.00,0.00,0.00,0.00,0.00,Matches
491,Bruno Mendes,br BRA,FW,Vila Nova,31-100,1994,11,4,445,4.9,1,1,2,1,0,0,2,0,0.20,0.20,0.40,0.20,0.40,Matches
492,Gabriel Mendes,br BRA,MF,Avaí,30-134,1995,9,1,259,2.9,0,0,0,0,0,0,0,0,0.00,0.00,0.00,0.00,0.00,Matches
493,Matheus Mendes,br BRA,GK,América (MG),26-245,1999,18,18,1620,18.0,0,0,0,0,0,0,2,0,0.00,0.00,0.00,0.00,0.00,Matches
494,Vitor Mendes,br BRA,DF,Ferroviária,26-270,1999,2,1,99,1.1,0,0,0,0,0,0,0,0,0.00,0.00,0.00,0.00,0.00,Matches
495,Stiven Mendoza,co COL,"MF,FW",Ath Paranaense,33-136,1992,19,15,1291,14.3,2,3,5,1,1,2,4,1,0.14,0.21,0.35,0.07,0.28,Matches
496,Higor Meritão,br BRA,MF,CRB,31-140,1994,33,33,2813,31.3,1,2,3,1,0,0,7,0,0.03,0.06,0.10,0.03,0.10,Matches
497,Gabriel Mesquita,br BRA,GK,Paysandu,27-057,1998,17,15,1495,16.6,0,0,0,0,0,0,1,0,0.00,0.00,0.00,0.00,0.00,Matches
498,Messias,br BRA,DF,Goiás,31-007,1994,29,29,2536,28.2,2,0,2,2,0,0,4,0,0.07,0.00,0.07,0.07,0.07,Matches
499,Geovane Meurer,br BRA,MF,Coritiba,23-169,2002,1,1,60,0.7,0,0,0,0,0,0,0,0,0.00,0.00,0.00,0.00,0.00,Matches
500,João Miguel,br BRA,MF,Athletic,21-257,2004,3,3,135,1.5,0,0,0,0,0,0,1,0,0.00,0.00,0.00,0.00,0.00,Matches
Rk,Player,Nation,Pos,Squad,Age,Born,MP,Starts,Min,90s,Gls,Ast,G+A,G-PK,PK,PKatt,CrdY,CrdR,Gls,Ast,G+A,G-PK,G+A-PK,Matches
501,Mikael,br BRA,FW,CRB,26-166,1999,30,20,1599,17.8,6,1,7,6,0,0,3,0,0.34,0.06,0.39,0.34,0.39,Matches
502,Rafael Milhorim,br BRA,DF,Botafogo (SP),26-238,1999,17,13,1125,12.5,0,0,0,0,0,0,6,1,0.00,0.00,0.00,0.00,0.00,Matches
503,Gabriel Mineiro,br BRA,FW,Cuiabá,20-196,2005,4,0,72,0.8,0,0,0,0,0,0,0,0,0.00,0.00,0.00,0.00,0.00,Matches
504,Lucas Mineiro,br BRA,MF,Cuiabá,29-259,1996,25,15,1357,15.1,2,1,3,2,0,0,7,0,0.13,0.07,0.20,0.13,0.20,Matches
505,Vinicius Mingotti,br BRA,FW,Operário,25-307,2000,26,13,1189,13.2,1,1,2,1,0,1,0,0,0.08,0.08,0.15,0.08,0.15,Matches
506,Miqueias,br BRA,MF,América (MG),24-106,2001,26,20,1595,17.7,1,2,3,1,0,0,7,0,0.06,0.11,0.17,0.06,0.17,Matches
507,Miranda,br BRA,DF,Operário,25-295,2000,24,24,2115,23.5,1,0,1,1,0,0,6,0,0.04,0.00,0.04,0.04,0.04,Matches
508,Edson Miranda,br BRA,DF,Athletic,26-206,1999,5,5,420,4.7,0,1,1,0,0,0,2,0,0.00,0.21,0.21,0.00,0.21,Matches
509,MIRANDINHA,br BRA,MF,Volta Redonda,25-326,1999,8,4,361,4.0,0,0,0,0,0,0,0,0,0.00,0.00,0.00,0.00,0.00,Matches
510,Diego Miticov,br BRA,MF,Vila Nova,23-156,2002,10,4,430,4.8,0,0,0,0,0,0,0,0,0.00,0.00,0.00,0.00,0.00,Matches
511,Matheus Mococa,br BRA,MF,Athletic,25-249,2000,8,1,189,2.1,0,0,0,0,0,0,1,0,0.00,0.00,0.00,0.00,0.00,Matches
512,Rodrigo Moledo,br BRA,DF,Coritiba,38-014,1987,1,1,90,1.0,0,0,0,0,0,0,1,0,0.00,0.00,0.00,0.00,0.00,Matches
513,Arthur Monteiro,gw GNB,MF,Paysandu,20-288,2005,1,0,2,0.0,0,0,0,0,0,0,0,0,0.00,0.00,0.00,0.00,0.00,Matches
514,Rafael Monteiro,br BRA,"DF,MF",Amazonas,21-269,2004,12,9,612,6.8,0,1,1,0,0,0,3,0,0.00,0.15,0.15,0.00,0.15,Matches
515,Moraes,br BRA,"DF,FW",Goiás,28-038,1997,21,15,1458,16.2,2,0,2,2,0,0,2,0,0.12,0.00,0.12,0.12,0.12,Matches
516,Airton Moraes,br BRA,GK,Novorizontino,31-165,1994,32,32,2880,32.0,0,0,0,0,0,0,2,0,0.00,0.00,0.00,0.00,0.00,Matches
517,Kauã Moraes,br BRA,"DF,MF",Ath Paranaense,19-134,2006,14,13,1114,12.4,1,1,2,1,0,0,1,0,0.08,0.08,0.16,0.08,0.16,Matches
518,Igor Morais,br BRA,DF,Volta Redonda,27-196,1998,11,11,960,10.7,0,0,0,0,0,0,1,0,0.00,0.00,0.00,0.00,0.00,Matches
519,Lucas Moreira,br BRA,MF,Goiás,18-012,2007,3,1,96,1.1,0,0,0,0,0,0,1,0,0.00,0.00,0.00,0.00,0.00,Matches
520,Lucas Moreira,br BRA,MF,Cuiabá,25-099,2000,9,4,281,3.1,0,0,0,0,0,0,0,0,0.00,0.00,0.00,0.00,0.00,Matches
521,Everton Morelli,br BRA,MF,Criciúma,28-006,1997,12,9,781,8.7,1,1,2,1,0,0,5,0,0.12,0.12,0.23,0.12,0.23,Matches
522,Pedro Morisco,br BRA,GK,Coritiba,21-304,2004,28,28,2485,27.6,0,0,0,0,0,0,1,1,0.00,0.00,0.00,0.00,0.00,Matches
523,Kauã Moroso,br BRA,GK,Criciúma,21-244,2004,11,10,945,10.5,0,0,0,0,0,0,0,0,0.00,0.00,0.00,0.00,0.00,Matches
524,Jean Mota,br BRA,MF,Vila Nova,32-026,1993,22,12,1048,11.6,1,1,2,0,1,1,0,0,0.09,0.09,0.17,0.00,0.09,Matches
525,MV,br BRA,"FW,MF",Volta Redonda,27-123,1998,22,19,1640,18.2,3,1,4,3,0,0,4,0,0.16,0.05,0.22,0.16,0.22,Matches
Rk,Player,Nation,Pos,Squad,Age,Born,MP,Starts,Min,90s,Gls,Ast,G+A,G-PK,PK,PKatt,CrdY,CrdR,Gls,Ast,G+A,G-PK,G+A-PK,Matches
526,Mycael,br BRA,GK,Ath Paranaense,21-243,2004,17,17,1530,17.0,0,0,0,0,0,0,1,0,0.00,0.00,0.00,0.00,0.00,Matches
527,Léo Naldi,br BRA,MF,Atl Goianiense,24-084,2001,7,2,254,2.8,0,0,0,0,0,0,1,1,0.00,0.00,0.00,0.00,0.00,Matches
528,Léo Naldi,br BRA,MF,Criciúma,24-084,2001,20,13,1294,14.4,0,0,0,0,0,0,1,1,0.00,0.00,0.00,0.00,0.00,Matches
529,Luciano Naninho,br BRA,MF,Volta Redonda,33-130,1992,5,1,129,1.4,0,1,1,0,0,0,0,0,0.00,0.70,0.70,0.00,0.70,Matches
530,Andrey Ramos do Nascimento,br BRA,MF,Athletic,27-268,1998,5,0,77,0.9,0,0,0,0,0,0,0,0,0.00,0.00,0.00,0.00,0.00,Matches
531,Léo Natel,br BRA,"FW,MF",Novorizontino,28-241,1997,7,5,346,3.8,0,0,0,0,0,0,0,0,0.00,0.00,0.00,0.00,0.00,Matches
532,Nathan,br BRA,MF,Remo,29-242,1996,9,2,356,4.0,0,1,1,0,0,0,2,0,0.00,0.25,0.25,0.00,0.25,Matches
533,Nathan,br BRA,DF,Remo,24-066,2001,11,11,922,10.2,0,0,0,0,0,0,0,0,0.00,0.00,0.00,0.00,0.00,Matches
534,Nathan,br BRA,DF,Athletic,27-180,1998,2,0,40,0.4,0,0,0,0,0,0,0,0,0.00,0.00,0.00,0.00,0.00,Matches
535,Emerson Negueba,br BRA,"MF,FW",Avaí,24-351,2000,28,22,1844,20.5,4,2,6,4,0,0,4,0,0.20,0.10,0.29,0.20,0.29,Matches
536,Jefferson Nem,br BRA,MF,Botafogo (SP),29-214,1996,29,26,2199,24.4,3,3,6,3,0,0,2,0,0.12,0.12,0.25,0.12,0.25,Matches
537,Netinho,br BRA,MF,Ferroviária,27-327,1997,29,27,2111,23.5,3,3,6,2,1,1,7,1,0.13,0.13,0.26,0.09,0.21,Matches
538,Alyson Neves,br BRA,"DF,MF",Amazonas,29-219,1996,6,6,506,5.6,0,0,0,0,0,0,3,1,0.00,0.00,0.00,0.00,0.00,Matches
539,Gustavo Nicola,br BRA,MF,Paysandu,27-014,1998,4,1,236,2.6,0,0,0,0,0,0,1,0,0.00,0.00,0.00,0.00,0.00,Matches
540,Nicolas,br BRA,FW,Criciúma,36-037,1989,23,23,1679,18.7,7,1,8,6,1,2,1,0,0.38,0.05,0.43,0.32,0.38,Matches
541,Nicolas,br BRA,FW,Paysandu,36-037,1989,8,5,457,5.1,0,0,0,0,0,0,0,0,0.00,0.00,0.00,0.00,0.00,Matches
542,Nilson,br BRA,DF,Operário,34-062,1991,4,3,283,3.1,0,0,0,0,0,0,0,0,0.00,0.00,0.00,0.00,0.00,Matches
543,Guilherme Nogueira,br BRA,MF,América (MG),18-348,2006,1,1,70,0.8,0,0,0,0,0,0,0,0,0.00,0.00,0.00,0.00,0.00,Matches
544,Matheus Nogueira,br BRA,GK,Paysandu,28-051,1997,21,21,1745,19.4,0,0,0,0,0,0,1,0,0.00,0.00,0.00,0.00,0.00,Matches
545,Gabriel Novaes,br BRA,FW,Amazonas,26-219,1999,4,2,184,2.0,0,0,0,0,0,0,0,0,0.00,0.00,0.00,0.00,0.00,Matches
546,Gabriel Novaes,br BRA,MF,Criciúma,26-219,1999,4,2,152,1.7,0,0,0,0,0,0,1,0,0.00,0.00,0.00,0.00,0.00,Matches
547,Steven Nufour,gh GHA,MF,Criciúma,20-311,2005,1,0,1,0.0,0,0,0,0,0,0,0,0,0.00,0.00,0.00,0.00,0.00,Matches
548,Thales Oleques,br BRA,DF,Operário,31-196,1994,10,7,605,6.7,0,1,1,0,0,0,1,0,0.00,0.15,0.15,0.00,0.15,Matches
549,Ruan Oliveira Ferreira,br BRA,MF,Cuiabá,25-232,2000,4,1,87,1.0,0,0,0,0,0,0,0,0,0.00,0.00,0.00,0.00,0.00,Matches
550,Christian Ortiz,ar ARG,"FW,MF",América (MG),33-082,1992,12,3,437,4.9,0,2,2,0,0,0,0,0,0.00,0.41,0.41,0.00,0.41,Matches
Rk,Player,Nation,Pos,Squad,Age,Born,MP,Starts,Min,90s,Gls,Ast,G+A,G-PK,PK,PKatt,CrdY,CrdR,Gls,Ast,G+A,G-PK,G+A-PK,Matches
551,Oluwasegun Otusanya,ng NGA,FW,Criciúma,21-136,2004,7,0,103,1.1,0,0,0,0,0,0,1,0,0.00,0.00,0.00,0.00,0.00,Matches
552,Luis Oyama,br BRA,MF,Novorizontino,28-284,1997,33,21,2092,23.2,1,3,4,1,0,0,7,0,0.04,0.13,0.17,0.04,0.17,Matches
553,Juan Pablo Zuluaga,co COL,MF,Operário,32-148,1993,31,27,2177,24.2,2,1,3,2,0,0,8,0,0.08,0.04,0.12,0.08,0.12,Matches
554,Tiago Pagnussat,br BRA,DF,Vila Nova,35-146,1990,32,32,2590,28.8,1,0,1,1,0,0,11,1,0.03,0.00,0.03,0.03,0.03,Matches
555,Vinícius Paiva,br BRA,"MF,FW",Vila Nova,24-254,2001,22,6,760,8.4,0,1,1,0,0,0,4,0,0.00,0.12,0.12,0.00,0.12,Matches
556,Gustavo Paje,br BRA,MF,Vila Nova,20-281,2005,16,3,357,4.0,3,2,5,3,0,0,3,0,0.76,0.50,1.26,0.76,1.26,Matches
557,Ariel Palacio,br BRA,MF,Atl Goianiense,27-129,1998,11,2,347,3.9,0,0,0,0,0,0,4,0,0.00,0.00,0.00,0.00,0.00,Matches
558,Hayen Palacios,co COL,DF,Ath Paranaense,26-062,1999,5,5,440,4.9,1,0,1,1,0,0,2,1,0.20,0.00,0.20,0.20,0.20,Matches
559,Renato Palma,br BRA,DF,Novorizontino,34-027,1991,3,1,53,0.6,0,0,0,0,0,0,0,0,0.00,0.00,0.00,0.00,0.00,Matches
560,Pará,br BRA,MF,Amazonas,23-265,2002,1,0,49,0.5,0,0,0,0,0,0,1,0,0.00,0.00,0.00,0.00,0.00,Matches
561,Neto Paraíba,br BRA,MF,Operário,33-131,1992,30,27,2060,22.9,2,1,3,2,0,0,8,0,0.09,0.04,0.13,0.09,0.13,Matches
562,Nino Paraíba,br BRA,DF,Cuiabá,39-304,1986,7,2,207,2.3,0,0,0,0,0,0,1,0,0.00,0.00,0.00,0.00,0.00,Matches
563,Guilherme Parede,br BRA,"MF,FW",Vila Nova,30-052,1995,21,17,1398,15.5,0,4,4,0,0,0,5,0,0.00,0.26,0.26,0.00,0.26,Matches
564,Felipe Pasadore,ar ARG,FW,Cuiabá,25-114,2000,5,0,38,0.4,0,0,0,0,0,0,0,0,0.00,0.00,0.00,0.00,0.00,Matches
565,Mateus Pasinato,br BRA,GK,Cuiabá,33-135,1992,18,18,1620,18.0,0,0,0,0,0,0,2,0,0.00,0.00,0.00,0.00,0.00,Matches
566,Glauco Passos,br BRA,GK,Athletic,30-272,1995,1,1,90,1.0,0,0,0,0,0,0,0,0,0.00,0.00,0.00,0.00,0.00,Matches
567,Otávio Passos,br BRA,GK,Avaí,32-293,1993,2,1,135,1.5,0,0,0,0,0,0,0,0,0.00,0.00,0.00,0.00,0.00,Matches
568,Patrick,br BRA,MF,Volta Redonda,26-352,1998,20,7,716,8.0,0,2,2,0,0,0,2,1,0.00,0.25,0.25,0.00,0.25,Matches
569,Patrick,br BRA,MF,Ath Paranaense,33-104,1992,29,22,1794,19.9,0,2,2,0,0,0,4,0,0.00,0.10,0.10,0.00,0.10,Matches
570,Patrick,br BRA,"MF,DF",Novorizontino,28-158,1997,13,9,821,9.1,0,0,0,0,0,0,4,1,0.00,0.00,0.00,0.00,0.00,Matches
571,Patrick,br BRA,DF,Novorizontino,26-215,1999,30,27,2460,27.3,0,1,1,0,0,0,10,0,0.00,0.04,0.04,0.00,0.04,Matches
572,Giuliano de Paula,br BRA,"MF,FW",Ath Paranaense,35-163,1990,16,7,664,7.4,3,0,3,1,2,2,1,0,0.41,0.00,0.41,0.14,0.14,Matches
573,Paulinho,br BRA,"DF,MF",América (MG),21-134,2004,19,17,1533,17.0,0,1,1,0,0,0,1,0,0.00,0.06,0.06,0.00,0.06,Matches
574,Paulinho,br BRA,MF,Vila Nova,27-111,1998,3,1,119,1.3,0,0,0,0,0,0,0,0,0.00,0.00,0.00,0.00,0.00,Matches
575,Jefferson Paulino,br BRA,GK,Volta Redonda,33-360,1991,14,14,1260,14.0,0,0,0,0,0,0,0,0,0.00,0.00,0.00,0.00,0.00,Matches
Rk,Player,Nation,Pos,Squad,Age,Born,MP,Starts,Min,90s,Gls,Ast,G+A,G-PK,PK,PKatt,CrdY,CrdR,Gls,Ast,G+A,G-PK,G+A-PK,Matches
576,Vini Paulista,br BRA,MF,Coritiba,24-233,2001,23,9,938,10.4,1,0,1,1,0,0,1,0,0.10,0.00,0.10,0.10,0.10,Matches
577,Joao Paulo,br BRA,DF,Chapecoense,28-129,1997,31,31,2585,28.7,1,0,1,1,0,0,10,0,0.03,0.00,0.03,0.03,0.03,Matches
578,Marcos Paulo,br BRA,"MF,FW",Operário,24-282,2001,11,6,563,6.3,1,0,1,1,0,0,1,0,0.16,0.00,0.16,0.16,0.16,Matches
579,Giovanni Pavani,br BRA,MF,Remo,28-354,1996,23,13,1135,12.6,2,1,3,2,0,0,8,0,0.16,0.08,0.24,0.16,0.24,Matches
580,Pedrão,br BRA,DF,Atl Goianiense,32-327,1992,10,6,597,6.6,0,0,0,0,0,0,2,0,0.00,0.00,0.00,0.00,0.00,Matches
581,Pedrão,br BRA,DF,Avaí,21-308,2004,7,5,506,5.6,0,0,0,0,0,0,0,0,0.00,0.00,0.00,0.00,0.00,Matches
582,Pedrinho,br BRA,"MF,FW",Cuiabá,26-000,1999,8,8,547,6.1,1,0,1,1,0,0,0,0,0.16,0.00,0.16,0.16,0.16,Matches
583,João Pedro,br BRA,"MF,FW",Volta Redonda,22-281,2003,13,6,602,6.7,0,0,0,0,0,0,1,0,0.00,0.00,0.00,0.00,0.00,Matches
584,João Pedro,br BRA,MF,Avaí,20-205,2005,27,22,1628,18.1,5,1,6,5,0,0,4,0,0.28,0.06,0.33,0.28,0.33,Matches
585,João Pedro Ramos,br BRA,DF,Ferroviária,22-268,2003,6,3,353,3.9,0,0,0,0,0,0,0,0,0.00,0.00,0.00,0.00,0.00,Matches
586,Douglas Pelé,br BRA,"DF,MF",Athletic,26-077,1999,30,25,2270,25.2,2,4,6,1,1,1,7,0,0.08,0.16,0.24,0.04,0.20,Matches
587,Léo Pelé,br BRA,DF,Ath Paranaense,29-249,1996,27,23,2156,24.0,1,0,1,1,0,0,2,1,0.04,0.00,0.04,0.04,0.04,Matches
588,Carlos de Pena,uy URU,MF,Coritiba,33-244,1992,28,1,661,7.3,1,2,3,1,0,0,5,0,0.14,0.27,0.41,0.14,0.41,Matches
589,Brenno Pereira,br BRA,MF,Operário,20-178,2005,8,1,241,2.7,1,0,1,0,1,1,1,0,0.37,0.00,0.37,0.00,0.00,Matches
590,Pernambuco,br BRA,MF,Operário,27-196,1998,6,2,223,2.5,0,1,1,0,0,0,0,0,0.00,0.40,0.40,0.00,0.40,Matches
591,Pedro Perotti,br BRA,FW,Chapecoense,27-353,1997,18,3,498,5.5,3,0,3,3,0,0,2,0,0.54,0.00,0.54,0.54,0.54,Matches
592,Eduardo Person,br BRA,MF,Chapecoense,28-290,1997,4,2,145,1.6,0,0,0,0,0,0,0,1,0.00,0.00,0.00,0.00,0.00,Matches
593,Josué Pesqueira,pt POR,MF,Coritiba,35-054,1990,33,32,2630,29.2,6,4,10,3,3,3,9,0,0.21,0.14,0.34,0.10,0.24,Matches
594,Neto Pessoa,br BRA,FW,Criciúma,31-178,1994,5,3,240,2.7,0,1,1,0,0,0,0,0,0.00,0.37,0.37,0.00,0.37,Matches
595,Neto Pessoa,br BRA,FW,Chapecoense,31-178,1994,24,21,1586,17.6,5,1,6,5,0,0,2,0,0.28,0.06,0.34,0.28,0.34,Matches
596,Petterson,br BRA,MF,Paysandu,21-310,2004,8,2,257,2.9,0,0,0,0,0,0,1,0,0.00,0.00,0.00,0.00,0.00,Matches
597,Del Piage,br BRA,MF,Avaí,25-212,2000,2,1,40,0.4,0,0,0,0,0,0,0,0,0.00,0.00,0.00,0.00,0.00,Matches
598,Giovanni Piccolomo,br BRA,"FW,MF",CRB,31-220,1994,15,0,461,5.1,2,1,3,2,0,0,3,0,0.39,0.20,0.59,0.39,0.59,Matches
599,Giovanni Piccolomo,br BRA,FW,Paysandu,31-220,1994,6,2,198,2.2,0,0,0,0,0,0,1,0,0.00,0.00,0.00,0.00,0.00,Matches
600,Pierre,br BRA,MF,Volta Redonda,23-243,2002,19,19,1647,18.3,0,1,1,0,0,0,8,0,0.00,0.05,0.05,0.00,0.05,Matches
Rk,Player,Nation,Pos,Squad,Age,Born,MP,Starts,Min,90s,Gls,Ast,G+A,G-PK,PK,PKatt,CrdY,CrdR,Gls,Ast,G+A,G-PK,G+A-PK,Matches
601,Gabriel Pinheiro,br BRA,DF,Volta Redonda,28-205,1997,25,24,2019,22.4,2,0,2,2,0,0,6,0,0.09,0.00,0.09,0.09,0.09,Matches
602,Luan Polli,br BRA,GK,Cuiabá,32-218,1993,12,12,1080,12.0,0,0,0,0,0,0,2,0,0.00,0.00,0.00,0.00,0.00,Matches
603,Wesley Pombo,br BRA,MF,Ferroviária,23-161,2002,9,2,221,2.5,0,0,0,0,0,0,2,1,0.00,0.00,0.00,0.00,0.00,Matches
604,Werik Popó,br BRA,FW,Criciúma,24-024,2001,7,6,390,4.3,1,1,2,1,0,0,0,1,0.23,0.23,0.46,0.23,0.46,Matches
605,William Pottker,br BRA,"MF,FW",Atl Goianiense,31-323,1993,8,6,448,5.0,0,0,0,0,0,0,3,0,0.00,0.00,0.00,0.00,0.00,Matches
606,William Pottker,br BRA,"MF,FW",CRB,31-323,1993,20,3,731,8.1,0,3,3,0,0,0,0,0,0.00,0.37,0.37,0.00,0.37,Matches
607,Gabriel Poveda,br BRA,FW,Vila Nova,27-126,1998,31,21,1774,19.7,5,3,8,5,0,0,2,0,0.25,0.15,0.41,0.25,0.41,Matches
608,Quaresma,br BRA,MF,Avaí,29-080,1996,3,1,68,0.8,0,0,0,0,0,0,0,0,0.00,0.00,0.00,0.00,0.00,Matches
609,Guilherme Queiróz,br BRA,FW,Botafogo (SP),35-171,1990,11,5,544,6.0,2,1,3,2,0,0,2,0,0.33,0.17,0.50,0.33,0.50,Matches
610,Yeferson Quintana,uy URU,DF,Paysandu,29-205,1996,8,8,548,6.1,1,0,1,1,0,0,1,0,0.16,0.00,0.16,0.16,0.16,Matches
611,Quirino,br BRA,FW,Ferroviária,32-027,1993,6,0,62,0.7,0,0,0,0,0,0,0,1,0.00,0.00,0.00,0.00,0.00,Matches
612,Radsley,br BRA,MF,Atl Goianiense,30-252,1995,6,2,211,2.3,0,1,1,0,0,0,3,0,0.00,0.43,0.43,0.00,0.43,Matches
613,Rafinha,br BRA,MF,CRB,25-269,2000,9,1,226,2.5,1,0,1,1,0,0,1,0,0.40,0.00,0.40,0.40,0.40,Matches
614,Rai,br BRA,"MF,FW",Volta Redonda,23-203,2002,30,26,2187,24.3,1,2,3,1,0,0,6,1,0.04,0.08,0.12,0.04,0.12,Matches
615,Rai,br BRA,DF,Atl Goianiense,20-320,2004,6,1,132,1.5,0,0,0,0,0,0,0,0,0.00,0.00,0.00,0.00,0.00,Matches
616,Railan,br BRA,DF,Avaí,25-245,2000,20,4,667,7.4,1,1,2,1,0,0,1,1,0.13,0.13,0.27,0.13,0.27,Matches
617,Raimar,br BRA,DF,Amazonas,23-167,2002,2,0,52,0.6,0,0,0,0,0,0,0,0,0.00,0.00,0.00,0.00,0.00,Matches
618,Ralf,br BRA,MF,Vila Nova,41-154,1984,14,7,641,7.1,0,0,0,0,0,0,2,0,0.00,0.00,0.00,0.00,0.00,Matches
619,Bruno Ramires,br BRA,DF,Amazonas,31-237,1994,9,7,671,7.5,0,0,0,0,0,0,1,0,0.00,0.00,0.00,0.00,0.00,Matches
620,Lucas Ramires,br BRA,DF,Volta Redonda,23-197,2002,1,0,31,0.3,0,0,0,0,0,0,1,0,0.00,0.00,0.00,0.00,0.00,Matches
621,Kevin Ramírez,uy URU,"MF,FW",Amazonas,31-223,1994,27,25,2062,22.9,10,1,11,9,1,2,6,0,0.44,0.04,0.48,0.39,0.44,Matches
622,Ramon,br BRA,MF,Paysandu,25-181,2000,6,1,195,2.2,0,0,0,0,0,0,1,0,0.00,0.00,0.00,0.00,0.00,Matches
623,Anselmo Ramon,br BRA,FW,Goiás,37-140,1988,33,31,2695,29.9,9,1,10,9,0,1,3,0,0.30,0.03,0.33,0.30,0.33,Matches
624,Raí Ramos,br BRA,DF,Atl Goianiense,31-188,1994,7,7,548,6.1,1,0,1,1,0,0,1,0,0.16,0.00,0.16,0.16,0.16,Matches
625,Raí Ramos,br BRA,"MF,DF",Novorizontino,31-188,1994,5,3,286,3.2,0,1,1,0,0,0,1,0,0.00,0.31,0.31,0.00,0.31,Matches
Rk,Player,Nation,Pos,Squad,Age,Born,MP,Starts,Min,90s,Gls,Ast,G+A,G-PK,PK,PKatt,CrdY,CrdR,Gls,Ast,G+A,G-PK,G+A-PK,Matches
626,Marcelo Rangel,br BRA,GK,Remo,37-177,1988,35,35,3065,34.1,0,0,0,0,0,0,1,0,0.00,0.00,0.00,0.00,0.00,Matches
627,Pedro Rangel,br BRA,GK,Coritiba,25-134,2000,9,8,749,8.3,0,0,0,0,0,0,0,0,0.00,0.00,0.00,0.00,0.00,Matches
628,Wellington Rato,br BRA,"MF,FW",Goiás,33-135,1992,19,13,1266,14.1,2,2,4,1,1,1,2,0,0.14,0.14,0.28,0.07,0.21,Matches
629,Raul,br BRA,"MF,DF",Ath Paranaense,29-122,1996,15,9,880,9.8,0,0,0,0,0,0,1,0,0.00,0.00,0.00,0.00,0.00,Matches
630,Régis,br BRA,MF,Remo,32-345,1992,17,1,448,5.0,1,2,3,1,0,0,0,1,0.20,0.40,0.60,0.20,0.60,Matches
631,Matheus Régis,br BRA,MF,Botafogo (SP),26-091,1999,18,4,433,4.8,0,0,0,0,0,0,2,0,0.00,0.00,0.00,0.00,0.00,Matches
632,César Reis,br BRA,GK,Avaí,30-267,1995,21,21,1888,21.0,0,0,0,0,0,0,5,2,0.00,0.00,0.00,0.00,0.00,Matches
633,Bruno Reis Índio,br BRA,MF,Operário,33-011,1992,29,23,1988,22.1,2,0,2,2,0,0,5,0,0.09,0.00,0.09,0.09,0.09,Matches
634,Léo Reis,br BRA,FW,Avaí,24-246,2001,11,0,197,2.2,0,0,0,0,0,0,1,0,0.00,0.00,0.00,0.00,0.00,Matches
635,Renan,br BRA,FW,Ath Paranaense,25-262,2000,20,6,668,7.4,7,0,7,7,0,0,2,0,0.94,0.00,0.94,0.94,0.94,Matches
636,Reverson,br BRA,DF,Paysandu,28-281,1997,31,26,2421,26.9,2,6,8,2,0,0,4,0,0.07,0.22,0.30,0.07,0.30,Matches
637,Rhaldney,br BRA,MF,Atl Goianiense,26-355,1998,13,13,1065,11.8,0,1,1,0,0,0,3,0,0.00,0.08,0.08,0.00,0.08,Matches
638,Lucas Ribeiro,br BRA,DF,Goiás,26-295,1999,23,21,1739,19.3,0,0,0,0,0,0,7,0,0.00,0.00,0.00,0.00,0.00,Matches
639,Matheus Ribeiro,br BRA,DF,CRB,32-018,1993,36,34,3043,33.8,1,2,3,1,0,0,1,0,0.03,0.06,0.09,0.03,0.09,Matches
640,Ruan Ribeiro,br BRA,"MF,FW",Vila Nova,22-087,2003,16,5,546,6.1,0,0,0,0,0,0,3,0,0.00,0.00,0.00,0.00,0.00,Matches
641,Ricardinho,br BRA,MF,Ferroviária,36-228,1989,31,30,2537,28.2,1,0,1,1,0,0,11,1,0.04,0.00,0.04,0.04,0.04,Matches
642,Zé Ricardo,br BRA,MF,Avaí,29-246,1996,27,27,2234,24.8,0,1,1,0,0,0,5,0,0.00,0.04,0.04,0.00,0.04,Matches
643,Rigley,br BRA,FW,Avaí,20-285,2005,3,0,32,0.4,0,0,0,0,0,0,0,0,0.00,0.00,0.00,0.00,0.00,Matches
644,Diogo Riquelme,br BRA,MF,Ath Paranaense,20-201,2005,4,2,180,2.0,0,0,0,0,0,0,1,0,0.00,0.00,0.00,0.00,0.00,Matches
645,Gabriel Risso Patrón,ar ARG,DF,Botafogo (SP),30-005,1995,32,29,2447,27.2,0,1,1,0,0,0,4,0,0.00,0.04,0.04,0.00,0.04,Matches
646,Jorge Roa Jiménez,py PAR,MF,Chapecoense,32-256,1993,23,8,688,7.6,0,1,1,0,0,0,2,0,0.00,0.13,0.13,0.00,0.13,Matches
647,Jhonata Robert,br BRA,"MF,FW",Criciúma,26-015,1999,29,24,1812,20.1,6,4,10,6,0,0,5,0,0.30,0.20,0.50,0.30,0.50,Matches
648,Robertinho,br BRA,MF,Amazonas,29-261,1996,11,5,560,6.2,1,0,1,1,0,0,2,0,0.16,0.00,0.16,0.16,0.16,Matches
649,Robinho,br BRA,MF,Volta Redonda,23-095,2002,15,13,1074,11.9,0,0,0,0,0,0,3,0,0.00,0.00,0.00,0.00,0.00,Matches
650,Robinho,br BRA,"MF,FW",Botafogo (SP),30-295,1995,17,7,689,7.7,0,0,0,0,0,0,0,0,0.00,0.00,0.00,0.00,0.00,Matches
Rk,Player,Nation,Pos,Squad,Age,Born,MP,Starts,Min,90s,Gls,Ast,G+A,G-PK,PK,PKatt,CrdY,CrdR,Gls,Ast,G+A,G-PK,G+A-PK,Matches
651,Robson,br BRA,"FW,MF",Novorizontino,34-164,1991,23,16,1391,15.5,3,3,6,1,2,4,4,1,0.19,0.19,0.39,0.06,0.26,Matches
652,Heitor Roca Santo,br BRA,MF,Criciúma,27-264,1998,1,0,6,0.1,0,0,0,0,0,0,0,0,0.00,0.00,0.00,0.00,0.00,Matches
653,Pedro Rocha Neves,br BRA,"MF,FW",Remo,31-041,1994,30,29,2482,27.6,14,5,19,12,2,4,6,1,0.51,0.18,0.69,0.44,0.62,Matches
654,Rodrigo,br BRA,MF,CRB,20-323,2004,2,0,20,0.2,0,0,0,0,0,0,0,0,0.00,0.00,0.00,0.00,0.00,Matches
655,Kayke Rodrigues,br BRA,FW,Volta Redonda,37-223,1988,11,3,313,3.5,0,0,0,0,0,0,0,0,0.00,0.00,0.00,0.00,0.00,Matches
656,Lucas Rodrigues,br BRA,DF,Ferroviária,26-129,1999,33,33,2855,31.7,0,2,2,0,0,0,8,0,0.00,0.06,0.06,0.00,0.06,Matches
657,Rodrigo Rodrigues,br BRA,FW,Coritiba,29-145,1996,4,2,134,1.5,1,0,1,1,0,0,1,0,0.67,0.00,0.67,0.67,0.67,Matches
658,Thales Rodrigues,br BRA,FW,Criciúma,19-006,2006,8,2,188,2.1,0,0,0,0,0,0,1,0,0.00,0.00,0.00,0.00,0.00,Matches
659,Thiago Rodrigues,br BRA,GK,Goiás,37-021,1988,1,1,90,1.0,0,0,0,0,0,0,2,0,0.00,0.00,0.00,0.00,0.00,Matches
660,Alan Rodríguez,py PAR,"DF,MF",Remo,25-087,2000,14,10,1044,11.6,0,0,0,0,0,0,4,0,0.00,0.00,0.00,0.00,0.00,Matches
661,Aldair Rodríguez,pe PER,FW,Amazonas,31-096,1994,9,4,333,3.7,0,1,1,0,0,0,1,0,0.00,0.27,0.27,0.00,0.27,Matches
662,Hanner Rojas,co COL,FW,Amazonas,20-238,2005,2,0,38,0.4,0,0,0,0,0,0,0,0,0.00,0.00,0.00,0.00,0.00,Matches
663,Pedro Romano,br BRA,DF,Vila Nova,24-349,2000,12,10,883,9.8,1,0,1,1,0,0,2,0,0.10,0.00,0.10,0.10,0.10,Matches
664,Guilherme Romão,br BRA,DF,Atl Goianiense,28-034,1997,28,26,2350,26.1,2,2,4,2,0,0,10,0,0.08,0.08,0.15,0.08,0.15,Matches
665,Romulo,br BRA,MF,Novorizontino,24-034,2001,14,11,801,8.9,0,1,1,0,0,0,2,0,0.00,0.11,0.11,0.00,0.11,Matches
666,Rômulo,br BRA,"FW,MF",Chapecoense,30-196,1995,2,0,18,0.2,0,0,0,0,0,0,0,0,0.00,0.00,0.00,0.00,0.00,Matches
667,Ronald,br BRA,MF,Atl Goianiense,22-272,2003,13,13,1153,12.8,0,0,0,0,0,0,2,0,0.00,0.00,0.00,0.00,0.00,Matches
668,Ronald,br BRA,MF,Operário,28-278,1997,6,0,115,1.3,0,0,0,0,0,0,1,0,0.00,0.00,0.00,0.00,0.00,Matches
669,Ronaldo,br BRA,FW,Ferroviária,34-214,1991,19,2,419,4.7,1,0,1,1,0,0,3,0,0.21,0.00,0.21,0.21,0.21,Matches
670,Lucas Ronier,br BRA,MF,Coritiba,20-349,2004,27,25,2183,24.3,4,0,4,4,0,0,9,0,0.16,0.00,0.16,0.16,0.16,Matches
671,Caio Roque,br BRA,DF,Volta Redonda,23-305,2002,7,4,427,4.7,0,0,0,0,0,0,0,0,0.00,0.00,0.00,0.00,0.00,Matches
672,Wendel Rosas,br BRA,FW,Paysandu,28-136,1997,10,3,401,4.5,2,0,2,2,0,0,1,0,0.45,0.00,0.45,0.45,0.45,Matches
673,Rossi,br BRA,"MF,FW",Paysandu,32-202,1993,17,13,1114,12.4,2,2,4,2,0,0,6,0,0.16,0.16,0.32,0.16,0.32,Matches
674,Ruan,br BRA,DF,Atl Goianiense,30-165,1995,16,9,891,9.9,0,0,0,0,0,0,1,0,0.00,0.00,0.00,0.00,0.00,Matches
675,Óscar Ruiz,py PAR,MF,Novorizontino,34-180,1991,16,1,358,4.0,2,2,4,2,0,0,1,0,0.50,0.50,1.01,0.50,1.01,Matches
Rk,Player,Nation,Pos,Squad,Age,Born,MP,Starts,Min,90s,Gls,Ast,G+A,G-PK,PK,PKatt,CrdY,CrdR,Gls,Ast,G+A,G-PK,G+A-PK,Matches
676,Safira,br BRA,FW,Cuiabá,30-238,1995,22,19,1576,17.5,10,2,12,5,5,7,3,1,0.57,0.11,0.69,0.29,0.40,Matches
677,Samuel,br BRA,DF,América (MG),21-306,2004,4,2,232,2.6,0,1,1,0,0,0,0,0,0.00,0.39,0.39,0.00,0.39,Matches
678,Sander,br BRA,DF,Cuiabá,35-038,1990,22,18,1662,18.5,0,1,1,0,0,0,3,0,0.00,0.05,0.05,0.00,0.05,Matches
679,Alex Sandro,br BRA,"MF,FW",Amazonas,30-082,1995,7,5,354,3.9,0,0,0,0,0,0,1,0,0.00,0.00,0.00,0.00,0.00,Matches
680,Sandry,br BRA,MF,Athletic,23-072,2002,29,28,2363,26.3,0,3,3,0,0,0,7,0,0.00,0.11,0.11,0.00,0.11,Matches
681,Jhony Santiago,br BRA,MF,Botafogo (SP),28-264,1997,4,2,160,1.8,0,1,1,0,0,0,0,0,0.00,0.56,0.56,0.00,0.56,Matches
682,Santos,br BRA,GK,Ath Paranaense,35-238,1990,19,19,1710,19.0,0,0,0,0,0,0,1,0,0.00,0.00,0.00,0.00,0.00,Matches
683,Bruno Santos,br BRA,"FW,MF",Volta Redonda,28-357,1996,8,5,530,5.9,0,0,0,0,0,0,1,0,0.00,0.00,0.00,0.00,0.00,Matches
684,Chayene Santos,br BRA,MF,Volta Redonda,35-042,1990,12,4,523,5.8,0,1,1,0,0,0,2,0,0.00,0.17,0.17,0.00,0.17,Matches
685,Emerson Santos,br BRA,DF,América (MG),30-219,1995,9,3,319,3.5,0,0,0,0,0,0,1,0,0.00,0.00,0.00,0.00,0.00,Matches
686,Guilherme Santos,br BRA,FW,Avaí,24-181,2001,6,0,114,1.3,0,1,1,0,0,0,0,0,0.00,0.79,0.79,0.00,0.79,Matches
687,Luis Eduardo Marques dos Santos,br BRA,"DF,MF",Atl Goianiense,28-164,1997,11,9,656,7.3,1,1,2,1,0,0,1,0,0.14,0.14,0.27,0.14,0.27,Matches
688,Rafael Santos,br BRA,GK,Chapecoense,36-241,1989,13,12,1090,12.1,0,0,0,0,0,0,2,0,0.00,0.00,0.00,0.00,0.00,Matches
689,Ryan Santos,br BRA,DF,Operário,21-077,2004,1,0,10,0.1,0,0,0,0,0,0,0,0,0.00,0.00,0.00,0.00,0.00,Matches
690,Sassá,br BRA,FW,Criciúma,31-303,1994,11,0,170,1.9,0,0,0,0,0,0,2,0,0.00,0.00,0.00,0.00,0.00,Matches
691,Savio,br BRA,DF,Remo,30-168,1995,22,21,1768,19.6,1,2,3,1,0,0,2,0,0.05,0.10,0.15,0.05,0.15,Matches
692,Bernardo Schappo,br BRA,DF,Vila Nova,26-233,1999,12,12,1067,11.9,1,0,1,1,0,0,2,1,0.08,0.00,0.08,0.08,0.08,Matches
693,Luis Segovia,ec ECU,DF,CRB,28-015,1997,24,18,1820,20.2,1,0,1,1,0,0,2,0,0.05,0.00,0.05,0.05,0.05,Matches
694,Mário Sérgio,br BRA,FW,Chapecoense,30-069,1995,7,7,621,6.9,3,0,3,3,0,0,2,0,0.43,0.00,0.43,0.43,0.43,Matches
695,Mario Sergio,br BRA,DF,Avaí,31-198,1994,23,19,1627,18.1,1,1,2,1,0,0,2,1,0.06,0.06,0.11,0.06,0.11,Matches
696,Shaylon,br BRA,MF,Atl Goianiense,28-197,1997,12,4,424,4.7,0,0,0,0,0,0,1,0,0.00,0.00,0.00,0.00,0.00,Matches
697,Sidimar,br BRA,DF,Athletic,33-124,1992,34,33,2968,33.0,2,0,2,2,0,0,6,0,0.06,0.00,0.06,0.06,0.06,Matches
698,Alex Silva,br BRA,DF,Coritiba,31-179,1994,23,20,1814,20.2,2,3,5,2,0,0,5,1,0.10,0.15,0.25,0.10,0.25,Matches
699,Gabriel Silva,br BRA,MF,Vila Nova,26-247,1999,10,4,417,4.6,0,0,0,0,0,0,0,0,0.00,0.00,0.00,0.00,0.00,Matches
700,Gustavo Silva,br BRA,FW,Athletic,20-310,2005,5,2,200,2.2,0,0,0,0,0,0,0,0,0.00,0.00,0.00,0.00,0.00,Matches
Rk,Player,Nation,Pos,Squad,Age,Born,MP,Starts,Min,90s,Gls,Ast,G+A,G-PK,PK,PKatt,CrdY,CrdR,Gls,Ast,G+A,G-PK,G+A-PK,Matches
701,Henrique Silva,br BRA,MF,Volta Redonda,31-089,1994,7,2,213,2.4,0,0,0,0,0,0,1,0,0.00,0.00,0.00,0.00,0.00,Matches
702,Jhonatan Silva,br BRA,DF,Athletic,26-120,1999,9,5,511,5.7,2,0,2,2,0,0,5,0,0.35,0.00,0.35,0.35,0.35,Matches
703,Jhonnatan Silva,br BRA,FW,América (MG),20-261,2005,2,0,10,0.1,0,0,0,0,0,0,0,0,0.00,0.00,0.00,0.00,0.00,Matches
704,João Pedro Sousa Silva,gw GNB,FW,Remo,28-362,1996,11,6,700,7.8,1,1,2,1,0,1,1,0,0.13,0.13,0.26,0.13,0.26,Matches
705,Cristiano da Silva Leite,br BRA,DF,Operário,32-073,1993,21,20,1675,18.6,0,1,1,0,0,0,3,0,0.00,0.05,0.05,0.00,0.05,Matches
706,Léo Silva,br BRA,MF,Operário,22-296,2003,4,0,74,0.8,0,0,0,0,0,0,1,0,0.00,0.00,0.00,0.00,0.00,Matches
707,Luan Silva,br BRA,"FW,MF",Amazonas,33-114,1992,22,10,1119,12.4,5,2,7,3,2,2,4,2,0.40,0.16,0.56,0.24,0.40,Matches
708,Marcão Silva,br BRA,MF,Goiás,34-300,1991,24,21,1655,18.4,1,1,2,1,0,0,5,0,0.05,0.05,0.11,0.05,0.11,Matches
709,Guilherme Silva Nogueira,br BRA,GK,Cuiabá,26-013,1999,6,6,540,6.0,0,0,0,0,0,0,1,0,0.00,0.00,0.00,0.00,0.00,Matches
710,Rafael Silva,br BRA,FW,América (MG),33-220,1992,7,2,230,2.6,0,1,1,0,0,0,1,0,0.00,0.39,0.39,0.00,0.39,Matches
711,Ricardo Silva,br BRA,DF,América (MG),33-089,1992,26,26,2288,25.4,1,1,2,1,0,0,3,0,0.04,0.04,0.08,0.04,0.08,Matches
712,Vagner da Silva,br BRA,GK,Operário,39-157,1986,2,2,180,2.0,0,0,0,0,0,0,0,0,0.00,0.00,0.00,0.00,0.00,Matches
713,Wallison Silva,br BRA,DF,Botafogo (SP),24-109,2001,19,10,996,11.1,0,0,0,0,0,0,4,0,0.00,0.00,0.00,0.00,0.00,Matches
714,Wellington Silva,br BRA,"DF,MF",Volta Redonda,37-249,1988,18,12,973,10.8,0,0,0,0,0,0,3,0,0.00,0.00,0.00,0.00,0.00,Matches
715,Fábio Soares,br BRA,MF,Ferroviária,20-342,2004,2,1,85,0.9,0,0,0,0,0,0,0,0,0.00,0.00,0.00,0.00,0.00,Matches
716,Yan Souto,br BRA,DF,Criciúma,24-036,2001,17,3,571,6.3,0,0,0,0,0,0,3,0,0.00,0.00,0.00,0.00,0.00,Matches
717,Gabriel Souza,br BRA,DF,Operário,22-320,2002,18,11,1024,11.4,0,1,1,0,0,0,2,0,0.00,0.09,0.09,0.00,0.09,Matches
718,Aloísio Souza Genézio,br BRA,MF,América (MG),29-191,1996,6,2,192,2.1,0,0,0,0,0,0,0,0,0.00,0.00,0.00,0.00,0.00,Matches
719,Aloísio Souza Genézio,br BRA,MF,Goiás,29-191,1996,1,0,16,0.2,0,0,0,0,0,0,2,1,0.00,0.00,0.00,0.00,0.00,Matches
720,Jackson de Souza,br BRA,DF,Amazonas,35-193,1990,10,9,842,9.4,2,0,2,2,0,0,2,0,0.21,0.00,0.21,0.21,0.21,Matches
721,Victor Souza,br BRA,GK,Botafogo (SP),33-071,1992,31,31,2790,31.0,0,0,0,0,0,0,2,0,0.00,0.00,0.00,0.00,0.00,Matches
722,Yago Souza,br BRA,MF,América (MG),19-272,2006,16,9,803,8.9,0,0,0,0,0,0,2,0,0.00,0.00,0.00,0.00,0.00,Matches
723,Panagiotis Tachtsidis,gr GRE,MF,Remo,34-268,1991,7,6,427,4.7,1,1,2,1,0,0,0,0,0.21,0.21,0.42,0.21,0.42,Matches
724,Tadeu,br BRA,GK,Goiás,33-279,1992,35,35,3150,35.0,2,2,4,0,2,4,3,0,0.06,0.06,0.11,0.00,0.06,Matches
725,Rubens Tadeu,br BRA,MF,Chapecoense,22-227,2003,5,0,50,0.6,0,0,0,0,0,0,0,0,0.00,0.00,0.00,0.00,0.00,Matches
Rk,Player,Nation,Pos,Squad,Age,Born,MP,Starts,Min,90s,Gls,Ast,G+A,G-PK,PK,PKatt,CrdY,CrdR,Gls,Ast,G+A,G-PK,G+A-PK,Matches
726,Talisson,br BRA,"MF,FW",Atl Goianiense,23-173,2002,10,3,390,4.3,0,1,1,0,0,0,2,0,0.00,0.23,0.23,0.00,0.23,Matches
727,Talisson,br BRA,"MF,FW",Criciúma,23-173,2002,3,2,167,1.9,0,0,0,0,0,0,1,0,0.00,0.00,0.00,0.00,0.00,Matches
728,Talles,br BRA,GK,Operário,28-271,1997,1,1,90,1.0,0,0,0,0,0,0,0,0,0.00,0.00,0.00,0.00,0.00,Matches
729,Gustavo Talles,br BRA,DF,Chapecoense,22-119,2003,1,0,1,0.0,0,0,0,0,0,0,0,0,0.00,0.00,0.00,0.00,0.00,Matches
730,Tarik,br BRA,MF,Ferroviária,32-265,1993,22,5,600,6.7,1,0,1,1,0,0,3,0,0.15,0.00,0.15,0.15,0.15,Matches
731,Rafael Tavares,br BRA,MF,Amazonas,34-318,1990,29,16,1360,15.1,2,4,6,2,0,0,3,0,0.13,0.26,0.40,0.13,0.40,Matches
732,Ronaldo Tavares,pt POR,FW,Athletic,28-111,1997,24,20,1755,19.5,9,5,14,7,2,2,1,0,0.46,0.26,0.72,0.36,0.62,Matches
733,Tavinho,br BRA,MF,Novorizontino,21-114,2004,10,3,408,4.5,1,1,2,1,0,0,1,0,0.22,0.22,0.44,0.22,0.44,Matches
734,Breno Teixeira,br BRA,FW,América (MG),23-187,2002,4,1,51,0.6,0,0,0,0,0,0,0,0,0.00,0.00,0.00,0.00,0.00,Matches
735,Carlos Terán,co COL,DF,Ath Paranaense,25-047,2000,8,7,581,6.5,0,0,0,0,0,0,1,2,0.00,0.00,0.00,0.00,0.00,Matches
736,Miguel Terceros,bo BOL,"MF,FW",América (MG),21-199,2004,25,20,1796,20.0,7,5,12,6,1,1,4,0,0.35,0.25,0.60,0.30,0.55,Matches
737,Thallyson,br BRA,MF,Volta Redonda,29-231,1996,10,9,654,7.3,0,0,0,0,0,0,2,0,0.00,0.00,0.00,0.00,0.00,Matches
738,Thayllon,br BRA,MF,Ferroviária,23-360,2001,12,6,535,5.9,3,1,4,3,0,0,1,0,0.50,0.17,0.67,0.50,0.67,Matches
739,Thayllon,br BRA,MF,Avaí,19-084,2006,21,5,608,6.8,4,1,5,4,0,0,1,0,0.59,0.15,0.74,0.59,0.74,Matches
740,Thiaguinho,br BRA,"MF,FW",CRB,24-242,2001,35,33,2450,27.2,8,2,10,8,0,0,5,0,0.29,0.07,0.37,0.29,0.37,Matches
741,Thiaguinho,br BRA,MF,Operário,28-213,1997,12,2,285,3.2,0,0,0,0,0,0,3,0,0.00,0.00,0.00,0.00,0.00,Matches
742,Pablo Thomaz,br BRA,FW,Botafogo (SP),26-064,1999,6,1,164,1.8,0,0,0,0,0,0,0,0,0.00,0.00,0.00,0.00,0.00,Matches
743,Titi,br BRA,DF,Goiás,37-243,1988,15,14,1251,13.9,0,1,1,0,0,0,1,0,0.00,0.07,0.07,0.00,0.07,Matches
744,Gebson Tito,br BRA,DF,Atl Goianiense,25-107,2000,12,12,1080,12.0,0,1,1,0,0,0,2,0,0.00,0.08,0.08,0.00,0.08,Matches
745,Léo Tocantins,br BRA,"MF,DF",Novorizontino,26-130,1999,14,4,450,5.0,0,0,0,0,0,0,0,0,0.00,0.00,0.00,0.00,0.00,Matches
746,Lucas Tocantins,br BRA,"MF,FW",Volta Redonda,31-108,1994,10,4,397,4.4,0,0,0,0,0,0,1,0,0.00,0.00,0.00,0.00,0.00,Matches
747,Stênio Toledo,br BRA,"MF,FW",América (MG),22-219,2003,28,16,1340,14.9,1,2,3,1,0,0,5,0,0.07,0.13,0.20,0.07,0.20,Matches
748,Welinton Torrão,br BRA,"MF,FW",Athletic,26-133,1999,29,23,2000,22.2,3,4,7,3,0,0,3,0,0.14,0.18,0.32,0.14,0.32,Matches
749,Diego Torres,py PAR,"MF,FW",Amazonas,23-027,2002,14,10,862,9.6,1,2,3,1,0,0,6,0,0.10,0.21,0.31,0.10,0.31,Matches
750,Joaquín Torres,ar ARG,"MF,FW",Amazonas,28-286,1997,21,10,1119,12.4,2,2,4,2,0,0,3,0,0.16,0.16,0.32,0.16,0.32,Matches
Rk,Player,Nation,Pos,Squad,Age,Born,MP,Starts,Min,90s,Gls,Ast,G+A,G-PK,PK,PKatt,CrdY,CrdR,Gls,Ast,G+A,G-PK,G+A-PK,Matches
751,Tortello,br BRA,MF,Botafogo (SP),21-169,2004,2,0,20,0.2,0,0,0,0,0,0,0,0,0.00,0.00,0.00,0.00,0.00,Matches
752,Matheus Trindade Gonçalves,br BRA,MF,Criciúma,29-250,1996,33,25,2132,23.7,2,0,2,2,0,0,5,1,0.08,0.00,0.08,0.08,0.08,Matches
753,Emerson Urso,br BRA,FW,Vila Nova,24-181,2001,2,0,49,0.5,0,0,0,0,0,0,1,0,0.00,0.00,0.00,0.00,0.00,Matches
754,Rodrigo Varanda,br BRA,"FW,MF",Amazonas,22-303,2003,4,4,252,2.8,0,0,0,0,0,0,1,0,0.00,0.00,0.00,0.00,0.00,Matches
755,Erick Varão,br BRA,MF,Amazonas,29-254,1996,16,12,932,10.4,0,1,1,0,0,0,4,0,0.00,0.10,0.10,0.00,0.10,Matches
756,Guilherme Vargas,br BRA,DF,Coritiba,21-301,2004,10,9,772,8.6,0,0,0,0,0,0,2,0,0.00,0.00,0.00,0.00,0.00,Matches
757,Matheus de Vargas,br BRA,MF,Paysandu,29-145,1996,14,11,892,9.9,0,1,1,0,0,0,4,0,0.00,0.10,0.10,0.00,0.10,Matches
758,Larry Vásquez,ve VEN,MF,Amazonas,34-052,1991,29,27,2322,25.8,0,0,0,0,0,0,10,0,0.00,0.00,0.00,0.00,0.00,Matches
759,Kevin Velasco,co COL,"MF,FW",Ath Paranaense,28-194,1997,12,3,398,4.4,1,0,1,1,0,0,3,0,0.23,0.00,0.23,0.23,0.23,Matches
760,Dudu Vieira,br BRA,"MF,DF",Paysandu,31-263,1994,10,4,452,5.0,0,0,0,0,0,0,2,0,0.00,0.00,0.00,0.00,0.00,Matches
761,João Vieira,br BRA,MF,Vila Nova,28-002,1997,35,32,2828,31.4,6,1,7,3,3,3,6,0,0.19,0.03,0.22,0.10,0.13,Matches
762,Santiago Viera,uy URU,MF,Amazonas,27-159,1998,3,1,93,1.0,0,0,0,0,0,0,0,0,0.00,0.00,0.00,0.00,0.00,Matches
763,Gustavo Vilar,br BRA,DF,Botafogo (SP),25-206,2000,8,8,720,8.0,1,0,1,1,0,0,0,0,0.12,0.00,0.12,0.12,0.12,Matches
764,Leandro Vilela,br BRA,MF,Paysandu,30-134,1995,19,19,1478,16.4,2,0,2,2,0,0,11,1,0.12,0.00,0.12,0.12,0.12,Matches
765,Pedro Vilhena,br BRA,MF,Operário,23-265,2002,10,3,525,5.8,0,1,1,0,0,0,4,1,0.00,0.17,0.17,0.00,0.17,Matches
766,Ygor Vinhas,br BRA,GK,Remo,31-209,1994,2,0,71,0.8,0,0,0,0,0,0,1,0,0.00,0.00,0.00,0.00,0.00,Matches
767,Alix Vinicius,br BRA,DF,Atl Goianiense,26-004,1999,19,19,1620,18.0,1,0,1,1,0,0,5,0,0.06,0.00,0.06,0.06,0.06,Matches
768,Caio Vinícius,br BRA,MF,Remo,26-303,1999,26,25,2105,23.4,5,2,7,5,0,0,6,0,0.21,0.09,0.30,0.21,0.30,Matches
769,Eduardo Vinícius,br BRA,MF,Cuiabá,20-222,2005,1,0,45,0.5,0,0,0,0,0,0,0,0,0.00,0.00,0.00,0.00,0.00,Matches
770,Marcos Vinicius,br BRA,DF,Avaí,28-229,1997,32,32,2601,28.9,2,2,4,2,0,0,9,0,0.07,0.07,0.14,0.07,0.14,Matches
771,Vitao,br BRA,FW,Amazonas,25-301,2000,6,0,95,1.1,0,0,0,0,0,0,1,0,0.00,0.00,0.00,0.00,0.00,Matches
772,Vitinho,br BRA,"MF,FW",Volta Redonda,24-269,2001,21,17,1218,13.5,1,1,2,1,0,0,3,0,0.07,0.07,0.15,0.07,0.15,Matches
773,Vitinho,br BRA,MF,Goiás,21-265,2004,9,4,347,3.9,1,1,2,1,0,0,0,0,0.26,0.26,0.52,0.26,0.52,Matches
774,João Vitor,br BRA,MF,Avaí,27-224,1998,33,31,2516,28.0,3,2,5,3,0,0,7,0,0.11,0.07,0.18,0.11,0.18,Matches
775,Rafael Vitor,br BRA,DF,Amazonas,32-309,1993,10,7,623,6.9,0,0,0,0,0,0,3,0,0.00,0.00,0.00,0.00,0.00,Matches
Rk,Player,Nation,Pos,Squad,Age,Born,MP,Starts,Min,90s,Gls,Ast,G+A,G-PK,PK,PKatt,CrdY,CrdR,Gls,Ast,G+A,G-PK,G+A-PK,Matches
776,Kevin Viveros,co COL,FW,Ath Paranaense,25-220,2000,19,16,1479,16.4,9,1,10,6,3,3,6,0,0.55,0.06,0.61,0.37,0.43,Matches
777,Felipe Vizeu,br BRA,FW,Remo,28-243,1997,13,7,681,7.6,1,0,1,1,0,0,2,0,0.13,0.00,0.13,0.13,0.13,Matches
778,Vladimir,br BRA,GK,Atl Goianiense,36-117,1989,11,10,906,10.1,0,0,0,0,0,0,4,1,0.00,0.00,0.00,0.00,0.00,Matches
779,Waguinho,br BRA,"MF,FW",Novorizontino,35-284,1990,21,15,1335,14.8,4,1,5,4,0,0,4,2,0.27,0.07,0.34,0.27,0.34,Matches
780,Wallace,br BRA,DF,Atl Goianiense,31-027,1994,9,8,655,7.3,0,0,0,0,0,0,3,0,0.00,0.00,0.00,0.00,0.00,Matches
781,Wanderson,br BRA,DF,Avaí,34-276,1991,6,4,377,4.2,0,0,0,0,0,0,0,0,0.00,0.00,0.00,0.00,0.00,Matches
782,Wellington,br BRA,DF,Amazonas,30-254,1995,10,4,571,6.3,0,0,0,0,0,0,2,0,0.00,0.00,0.00,0.00,0.00,Matches
783,Welliton,br BRA,"MF,FW",Goiás,25-119,2000,34,17,1765,19.6,2,0,2,2,0,0,3,0,0.10,0.00,0.10,0.10,0.10,Matches
784,Wendell,br BRA,MF,Amazonas,22-331,2002,1,0,7,0.1,0,0,0,0,0,0,0,0,0.00,0.00,0.00,0.00,0.00,Matches
785,Wesley,br BRA,MF,Botafogo (SP),30-141,1995,17,15,1286,14.3,1,0,1,1,0,0,3,0,0.07,0.00,0.07,0.07,0.07,Matches
786,Weverton,br BRA,DF,CRB,26-148,1999,21,17,1358,15.1,0,0,0,0,0,0,2,0,0.00,0.00,0.00,0.00,0.00,Matches
787,Weverton,br BRA,DF,Vila Nova,22-266,2003,17,15,1397,15.5,1,0,1,1,0,0,6,2,0.06,0.00,0.06,0.06,0.06,Matches
788,Willian,br BRA,FW,América (MG),38-356,1986,30,27,2152,23.9,9,3,12,8,1,3,2,0,0.38,0.13,0.50,0.33,0.46,Matches
789,Willian,br BRA,FW,Botafogo (SP),21-105,2004,5,0,86,1.0,0,0,0,0,0,0,0,0,0.00,0.00,0.00,0.00,0.00,Matches
790,Thauan Willians,br BRA,DF,América (MG),21-207,2004,4,0,122,1.4,0,1,1,0,0,0,0,0,0.00,0.74,0.74,0.00,0.74,Matches
791,Bruno Xavier,br BRA,MF,Vila Nova,28-348,1996,17,8,799,8.9,2,0,2,2,0,0,0,0,0.23,0.00,0.23,0.23,0.23,Matches
792,Guilherme Xavier,br BRA,MF,Amazonas,30-332,1994,15,6,618,6.9,0,0,0,0,0,0,1,0,0.00,0.00,0.00,0.00,0.00,Matches
793,Ynaiã,br BRA,DF,Volta Redonda,26-142,1999,6,2,265,2.9,0,0,0,0,0,0,2,0,0.00,0.00,0.00,0.00,0.00,Matches
794,Ytalo,br BRA,"FW,MF",Remo,37-302,1988,4,0,84,0.9,0,0,0,0,0,0,0,0,0.00,0.00,0.00,0.00,0.00,Matches
795,Yuri,br BRA,"DF,MF",Athletic,29-306,1996,24,19,1486,16.5,1,4,5,1,0,0,6,0,0.06,0.24,0.30,0.06,0.30,Matches
796,Diego Zabala,uy URU,"MF,FW",Amazonas,34-052,1991,17,9,796,8.8,0,3,3,0,0,0,2,0,0.00,0.34,0.34,0.00,0.34,Matches
797,Bruno Zapelli,ar ARG,MF,Ath Paranaense,23-177,2002,33,29,2423,26.9,4,6,10,3,1,1,5,0,0.15,0.22,0.37,0.11,0.33,Matches
798,Zeca,br BRA,DF,Coritiba,31-178,1994,31,28,2514,27.9,0,1,1,0,0,0,6,0,0.00,0.04,0.04,0.00,0.04,Matches
